CREATE DATABASE  IF NOT EXISTS `venta_libros` /*!40100 DEFAULT CHARACTER SET utf8mb4 COLLATE utf8mb4_0900_ai_ci */ /*!80016 DEFAULT ENCRYPTION='N' */;
USE `venta_libros`;
-- MySQL dump 10.13  Distrib 8.0.36, for Win64 (x86_64)
--
-- Host: localhost    Database: venta_libros
-- ------------------------------------------------------
-- Server version	8.4.0

/*!40101 SET @OLD_CHARACTER_SET_CLIENT=@@CHARACTER_SET_CLIENT */;
/*!40101 SET @OLD_CHARACTER_SET_RESULTS=@@CHARACTER_SET_RESULTS */;
/*!40101 SET @OLD_COLLATION_CONNECTION=@@COLLATION_CONNECTION */;
/*!50503 SET NAMES utf8 */;
/*!40103 SET @OLD_TIME_ZONE=@@TIME_ZONE */;
/*!40103 SET TIME_ZONE='+00:00' */;
/*!40014 SET @OLD_UNIQUE_CHECKS=@@UNIQUE_CHECKS, UNIQUE_CHECKS=0 */;
/*!40014 SET @OLD_FOREIGN_KEY_CHECKS=@@FOREIGN_KEY_CHECKS, FOREIGN_KEY_CHECKS=0 */;
/*!40101 SET @OLD_SQL_MODE=@@SQL_MODE, SQL_MODE='NO_AUTO_VALUE_ON_ZERO' */;
/*!40111 SET @OLD_SQL_NOTES=@@SQL_NOTES, SQL_NOTES=0 */;

--
-- Table structure for table `cliente`
--

DROP TABLE IF EXISTS `cliente`;
/*!40101 SET @saved_cs_client     = @@character_set_client */;
/*!50503 SET character_set_client = utf8mb4 */;
CREATE TABLE `cliente` (
  `IDCLIENTE` int NOT NULL AUTO_INCREMENT,
  `NOMBRE` varchar(100) DEFAULT 'USUARIO_UNKNOW',
  `TELEFONO` varchar(20) NOT NULL,
  `CORREO` varchar(100) NOT NULL,
  `FECHA_ALTA` datetime DEFAULT (now()),
  `STATUS` tinyint(1) DEFAULT '1',
  PRIMARY KEY (`IDCLIENTE`),
  UNIQUE KEY `CORREO` (`CORREO`)
) ENGINE=InnoDB AUTO_INCREMENT=101 DEFAULT CHARSET=utf8mb4 COLLATE=utf8mb4_0900_ai_ci;
/*!40101 SET character_set_client = @saved_cs_client */;

--
-- Dumping data for table `cliente`
--

LOCK TABLES `cliente` WRITE;
/*!40000 ALTER TABLE `cliente` DISABLE KEYS */;
INSERT INTO `cliente` VALUES (1,'Lydia Roberts','210-30-4687','bseagrove0@1688.com','2023-12-07 00:00:00',0),(2,'Jeanne Lotte','691-17-4948','jlotte1@myspace.com','2018-01-24 00:00:00',1),(3,'Tally MacDougall','142-65-4805','tmacdougall2@mysql.com','2021-10-22 00:00:00',1),(4,'Harri Piggot','350-95-1644','hpiggot3@bandcamp.com','2022-08-17 00:00:00',0),(5,'Robbin Henryson','345-79-3631','rhenryson4@posterous.com','2019-04-26 00:00:00',0),(6,'Vin Hannon','654-47-9961','vhannon5@nhs.uk','2023-11-18 00:00:00',0),(7,'Willamina Slatter','437-57-0473','wslatter6@nasa.gov','2021-04-01 00:00:00',1),(8,'Anni Hotton','366-97-9451','ahotton7@techcrunch.com','2021-02-13 00:00:00',0),(9,'Normie Iacomo','340-12-5247','niacomo8@ebay.com','2024-02-10 00:00:00',0),(10,'Leonanie O\'Shesnan','513-53-4004','loshesnan9@dmoz.org','2020-07-17 00:00:00',0),(11,'Rickey Tethcote','774-44-4011','rtethcotea@examiner.com','2022-07-17 00:00:00',1),(12,'Carolina Aldie','619-51-4685','caldieb@vkontakte.ru','2018-12-14 00:00:00',1),(13,'Tabbie Kirmond','315-56-5109','tkirmondc@dagondesign.com','2019-07-12 00:00:00',0),(14,'Joannes Pinor','115-44-4766','jpinord@nifty.com','2018-04-12 00:00:00',0),(15,'Tom Dwerryhouse','519-05-1376','tdwerryhousee@comsenz.com','2022-10-24 00:00:00',0),(16,'Silvie Ream','449-68-0312','sreamf@usnews.com','2022-12-03 00:00:00',1),(17,'Jens Spurryer','185-89-8093','jspurryerg@t-online.de','2019-11-10 00:00:00',0),(18,'Feodora Severy','323-56-9224','fseveryh@mapquest.com','2022-08-17 00:00:00',1),(19,'Ceciley Ewan','250-65-6270','cewani@nba.com','2022-08-02 00:00:00',1),(20,'Sileas Goodale','569-36-2151','sgoodalej@washingtonpost.com','2021-05-27 00:00:00',0),(21,'Edita Deverock','886-32-8959','edeverockk@drupal.org','2018-01-09 00:00:00',0),(22,'Tilda O\' Markey','564-80-6346','tol@shutterfly.com','2020-01-11 00:00:00',1),(23,'Clarinda Martinat','821-33-0806','cmartinatm@gravatar.com','2023-01-09 00:00:00',1),(24,'Harriett Wooler','100-26-8072','hwoolern@alibaba.com','2023-08-28 00:00:00',0),(25,'Eimile Fredson','408-81-2192','efredsono@slideshare.net','2019-07-09 00:00:00',1),(26,'Edee Liversage','355-86-5850','eliversagep@businesswire.com','2018-11-24 00:00:00',0),(27,'Ashlen Wohlers','636-34-6442','awohlersq@soundcloud.com','2023-02-06 00:00:00',1),(28,'Ellerey Winning','863-16-9502','ewinningr@imgur.com','2024-03-16 00:00:00',1),(29,'Talyah Janecki','489-83-6309','tjaneckis@wsj.com','2019-06-10 00:00:00',1),(30,'Jody Coleiro','170-70-3101','jcoleirot@china.com.cn','2022-12-26 00:00:00',0),(31,'Cahra Jeffry','168-08-2801','cjeffryu@archive.org','2021-04-25 00:00:00',1),(32,'Kirk Wivell','894-15-1571','kwivellv@liveinternet.ru','2018-08-16 00:00:00',0),(33,'Denni Bisco','557-32-3231','dbiscow@mysql.com','2023-03-07 00:00:00',0),(34,'Clementius Handrek','794-54-5117','chandrekx@goodreads.com','2024-02-24 00:00:00',1),(35,'Juline Audrey','205-87-0308','jaudreyy@typepad.com','2018-05-09 00:00:00',1),(36,'Ambros Yakunikov','756-16-7771','ayakunikovz@ibm.com','2021-12-07 00:00:00',0),(37,'Clarey Reggiani','583-99-1151','creggiani10@google.pl','2021-10-08 00:00:00',0),(38,'Lisette Gingell','846-10-1538','lgingell11@cpanel.net','2019-07-14 00:00:00',1),(39,'Tarrah Ormistone','858-92-0370','tormistone12@seattletimes.com','2022-10-04 00:00:00',0),(40,'Rianon Henrie','392-18-0912','rhenrie13@linkedin.com','2020-05-09 00:00:00',0),(41,'Lonnie Iskowicz','448-52-2444','liskowicz14@yolasite.com','2020-07-03 00:00:00',0),(42,'Renelle Bennedick','694-25-2851','rbennedick15@over-blog.com','2020-03-30 00:00:00',0),(43,'Reagan Yakunin','886-34-8393','ryakunin16@businessinsider.com','2023-09-14 00:00:00',1),(44,'Carlie De Gogay','800-94-4121','cde17@printfriendly.com','2019-05-23 00:00:00',1),(45,'Laurel Letten','426-07-6333','lletten18@woothemes.com','2019-10-30 00:00:00',1),(46,'Monique Aindriu','631-11-5880','maindriu19@kickstarter.com','2023-03-17 00:00:00',1),(47,'Fannie Segges','884-01-9234','fsegges1a@who.int','2021-06-13 00:00:00',1),(48,'Ebeneser Crumley','729-41-3945','ecrumley1b@boston.com','2023-04-05 00:00:00',0),(49,'Molli Mew','615-39-2171','mmew1c@ucoz.ru','2018-03-23 00:00:00',1),(50,'Stavro Bittleson','457-21-9889','sbittleson1d@fema.gov','2022-12-18 00:00:00',1),(51,'Raynor Callister','265-83-8021','rcallister1e@pen.io','2018-12-01 00:00:00',1),(52,'Lurline Raikes','206-36-3295','lraikes1f@blog.com','2020-12-23 00:00:00',0),(53,'Louella Oswal','617-25-3025','loswal1g@engadget.com','2020-01-03 00:00:00',0),(54,'Sunshine Ronchi','641-36-6362','sronchi1h@photobucket.com','2019-04-25 00:00:00',0),(55,'Hetty Kennifeck','790-44-7926','hkennifeck1i@typepad.com','2018-06-14 00:00:00',1),(56,'Ethelind Oddy','553-88-2720','eoddy1j@mayoclinic.com','2021-05-20 00:00:00',1),(57,'Harlie Perigoe','701-60-1725','hperigoe1k@examiner.com','2022-12-16 00:00:00',1),(58,'Aguistin Aicheson','736-98-9153','aaicheson1l@indiegogo.com','2021-12-16 00:00:00',0),(59,'Grenville Scartifield','156-73-0103','gscartifield1m@youtu.be','2019-07-25 00:00:00',0),(60,'Nial Brandham','358-18-7425','nbrandham1n@linkedin.com','2021-05-01 00:00:00',0),(61,'Shandee Puddephatt','193-75-8755','spuddephatt1o@reddit.com','2021-05-28 00:00:00',1),(62,'Konstantine Banyard','691-80-6328','kbanyard1p@army.mil','2018-04-30 00:00:00',0),(63,'Teodora Lente','260-53-1289','tlente1q@w3.org','2021-07-28 00:00:00',1),(64,'Coretta Roebuck','894-08-0963','croebuck1r@yolasite.com','2018-03-10 00:00:00',0),(65,'Augie Glayzer','181-29-2716','aglayzer1s@accuweather.com','2021-12-13 00:00:00',1),(66,'Horatia Spiller','207-67-9841','hspiller1t@amazon.de','2018-04-29 00:00:00',1),(67,'Ruthie Merrigan','850-19-6826','rmerrigan1u@dedecms.com','2023-08-18 00:00:00',0),(68,'Lucien Strathe','431-77-1273','lstrathe1v@unesco.org','2023-05-11 00:00:00',1),(69,'Tildie Rosbrough','245-06-1938','trosbrough1w@ezinearticles.com','2022-12-29 00:00:00',1),(70,'Brigitta Barrick','455-33-3442','bbarrick1x@csmonitor.com','2018-02-07 00:00:00',1),(71,'Perle Dohmer','355-08-1667','pdohmer1y@t.co','2023-10-20 00:00:00',0),(72,'Sunny Kiebes','680-38-7595','skiebes1z@uiuc.edu','2020-01-11 00:00:00',0),(73,'Paddie Colthard','629-24-1297','pcolthard20@springer.com','2019-05-22 00:00:00',0),(74,'Giralda Savery','800-43-7238','gsavery21@xrea.com','2020-12-11 00:00:00',1),(75,'Cassaundra Celand','361-95-0874','cceland22@4shared.com','2019-01-07 00:00:00',1),(76,'Michelina Buzin','266-55-1900','mbuzin23@parallels.com','2022-12-16 00:00:00',1),(77,'Mill Crosland','474-31-8512','mcrosland24@usda.gov','2023-02-28 00:00:00',1),(78,'Ariadne Bauckham','297-68-4171','abauckham25@chron.com','2020-07-01 00:00:00',1),(79,'Ebenezer Arter','203-41-2042','earter26@stanford.edu','2023-06-26 00:00:00',1),(80,'Marty Kohnen','758-89-3482','mkohnen27@cargocollective.com','2018-11-22 00:00:00',1),(81,'Lewes Mounsie','564-62-1886','lmounsie28@archive.org','2019-04-01 00:00:00',0),(82,'Katheryn Gurling','846-98-6883','kgurling29@princeton.edu','2023-12-25 00:00:00',0),(83,'Chicky Worsfield','548-02-3115','cworsfield2a@simplemachines.org','2022-06-10 00:00:00',0),(84,'Ugo L\'Amie','500-24-2330','ulamie2b@mashable.com','2018-01-22 00:00:00',0),(85,'Kristal Dallender','269-94-5461','kdallender2c@dot.gov','2022-01-26 00:00:00',0),(86,'Kay McCard','897-57-0997','kmccard2d@parallels.com','2021-06-27 00:00:00',0),(87,'Vera Barnwill','497-55-8201','vbarnwill2e@admin.ch','2023-05-29 00:00:00',0),(88,'Carlynne Fiddiman','543-87-7727','cfiddiman2f@cisco.com','2019-08-31 00:00:00',0),(89,'Ulysses Sutherns','295-46-4009','usutherns2g@yandex.ru','2020-04-03 00:00:00',1),(90,'Kim A\'field','233-15-1894','kafield2h@github.com','2022-12-04 00:00:00',1),(91,'Robby Gaskins','812-46-0028','rgaskins2i@toplist.cz','2021-11-15 00:00:00',0),(92,'Bobbi Aish','577-62-5002','baish2j@indiegogo.com','2020-05-12 00:00:00',1),(93,'Granny Denisevich','239-44-2369','gdenisevich2k@mapy.cz','2022-08-02 00:00:00',0),(94,'Bridget Sibson','601-08-0753','bsibson2l@state.gov','2023-04-30 00:00:00',0),(95,'Sashenka Aaronson','765-35-5575','saaronson2m@harvard.edu','2023-01-17 00:00:00',1),(96,'Bobina Toby','209-80-0682','btoby2n@weather.com','2022-02-10 00:00:00',0),(97,'Zora Cambell','875-61-2735','zcambell2o@xing.com','2018-07-16 00:00:00',0),(98,'Fonsie Hartfleet','475-68-4446','fhartfleet2p@apache.org','2021-12-08 00:00:00',0),(99,'Bordy Goricke','374-81-1050','bgoricke2q@google.com.hk','2018-08-02 00:00:00',1),(100,'Jozef Vyel','793-30-3586','jvyel2r@intel.com','2021-07-02 00:00:00',1);
/*!40000 ALTER TABLE `cliente` ENABLE KEYS */;
UNLOCK TABLES;

--
-- Table structure for table `detalle_venta`
--

DROP TABLE IF EXISTS `detalle_venta`;
/*!40101 SET @saved_cs_client     = @@character_set_client */;
/*!50503 SET character_set_client = utf8mb4 */;
CREATE TABLE `detalle_venta` (
  `CANTIDAD` int DEFAULT NULL,
  `PRECIO_TOTAL` int DEFAULT NULL,
  `IDVENTA` int DEFAULT NULL,
  `IDLIBRO` int DEFAULT NULL,
  KEY `FK_DETALLE_VENTA_VENTA` (`IDVENTA`),
  KEY `FK_DETALLE_VENTA_LIBRO` (`IDLIBRO`),
  CONSTRAINT `FK_DETALLE_VENTA_LIBRO` FOREIGN KEY (`IDLIBRO`) REFERENCES `libro` (`IDLIBRO`),
  CONSTRAINT `FK_DETALLE_VENTA_VENTA` FOREIGN KEY (`IDVENTA`) REFERENCES `venta` (`IDVENTA`)
) ENGINE=InnoDB DEFAULT CHARSET=utf8mb4 COLLATE=utf8mb4_0900_ai_ci;
/*!40101 SET character_set_client = @saved_cs_client */;

--
-- Dumping data for table `detalle_venta`
--

LOCK TABLES `detalle_venta` WRITE;
/*!40000 ALTER TABLE `detalle_venta` DISABLE KEYS */;
INSERT INTO `detalle_venta` VALUES (7,35000,1,52),(6,20190,2,38),(1,9500,3,77),(7,24500,4,7),(2,5000,5,12),(4,15560,6,73),(3,11400,7,54),(2,5000,8,78),(1,7500,9,69),(6,15000,10,42),(4,11200,11,89),(5,13500,12,100),(6,10440,13,41),(4,54000,14,45),(6,18600,15,50),(3,16500,16,11),(3,10500,17,62),(7,24500,18,52),(3,10500,19,27),(7,21000,20,69),(6,28800,21,18),(1,3700,22,90),(5,17500,23,99),(2,7600,24,82),(5,20000,25,9),(3,7500,26,21),(5,12500,27,63),(5,26750,28,65),(2,6600,29,38),(6,40200,30,80),(3,10500,31,27),(5,12000,32,39),(2,5200,33,10),(6,23760,34,68),(5,15900,35,46),(7,11200,36,31),(4,36040,37,92),(1,4700,38,79),(2,6000,39,60),(3,11700,40,81),(5,9750,41,28),(1,2000,42,43),(1,5300,43,54),(3,10500,44,99),(3,9300,45,21),(6,40200,46,21),(5,14500,47,64),(5,15000,48,26),(5,37000,49,79),(7,9800,50,52),(7,23800,51,97),(6,17400,52,50),(1,3600,53,19),(7,49000,54,48),(7,11900,55,51),(7,11200,56,95),(3,13800,57,37),(2,9800,58,18),(5,13500,59,16),(2,13000,60,83),(1,4030,61,71),(2,9600,62,16),(6,15000,63,35),(2,2800,64,49),(2,8400,65,93),(6,36600,66,48),(7,19600,67,70),(2,9600,68,40),(4,39200,69,17),(1,4500,70,80),(5,29000,71,80),(2,7000,72,37),(4,20400,73,61),(1,2900,74,17),(3,10230,75,51),(2,7400,76,14),(5,17500,77,53),(5,27500,78,58),(3,9000,79,75),(7,28000,80,92),(5,45000,81,92),(7,35000,82,39),(4,15600,83,97),(5,21000,84,41),(3,13500,85,62),(4,14400,86,32),(6,8400,87,77),(4,8000,88,15),(5,17500,89,48),(3,10500,90,93),(5,8000,91,11),(3,12000,92,69),(1,3300,93,35),(4,24000,94,16),(5,34000,95,65),(1,4500,96,12),(7,22400,97,61),(3,6000,98,96),(3,18000,99,47),(5,13500,100,4),(8,40000,101,56),(7,23555,102,73),(2,19000,103,13),(8,28000,104,85),(3,7500,105,16),(5,19450,106,34),(4,15200,107,32),(3,7500,108,53),(2,15000,109,61),(7,17500,110,93),(5,14000,111,69),(6,16200,112,75),(7,12180,113,47),(5,67500,114,79),(7,21700,115,60),(6,33000,116,2),(1,3500,117,96),(7,24500,118,9),(2,7000,119,1),(4,12000,120,41),(3,14400,121,32),(2,7400,122,67),(1,3500,123,43),(6,22800,124,5),(4,16000,125,41),(5,12500,126,65),(6,15000,127,70),(4,21400,128,2),(6,19800,129,96),(3,20100,130,22),(3,10500,131,78),(7,16800,132,26),(3,7800,133,23),(7,27720,134,77),(6,19080,135,59),(1,1600,136,27),(5,45050,137,12),(2,9400,138,82),(5,15000,139,95),(3,11700,140,71),(5,9750,141,98),(5,10000,142,36),(2,10600,143,86),(6,21000,144,32),(3,9300,145,68),(5,33500,146,94),(2,5800,147,9),(6,18000,148,94),(5,37000,149,34),(7,9800,150,44),(4,13600,151,33),(1,2900,152,29),(2,7200,153,41),(3,21000,154,89),(5,8500,155,89),(1,1600,156,97),(1,4600,157,21),(3,14700,158,73),(3,8100,159,93),(6,39000,160,6),(5,20150,161,98),(5,24000,162,93),(5,12500,163,11),(7,9800,164,55),(7,29400,165,46),(6,36600,166,69),(1,2800,167,12),(7,33600,168,57),(7,68600,169,56),(7,31500,170,93),(3,17400,171,35),(2,7000,172,89),(5,25500,173,17),(2,5800,174,50),(1,3410,175,25),(2,7400,176,89),(6,21000,177,95),(2,11000,178,57),(2,6000,179,73),(6,24000,180,23),(7,63000,181,39),(2,10000,182,3),(4,15600,183,19),(1,4200,184,75),(5,22500,185,19),(2,7200,186,98),(4,5600,187,64),(1,2000,188,62),(3,10500,189,97),(2,7000,190,19),(5,8000,191,36),(5,20000,192,96),(3,9900,193,36),(7,42000,194,5),(5,34000,195,69),(7,31500,196,20),(4,12800,197,1),(5,10000,198,2),(3,18000,199,18),(4,10800,200,49),(6,30000,201,8),(4,13460,202,73),(5,47500,203,89),(3,10500,204,19),(5,12500,205,31),(3,11670,206,4),(1,3800,207,75),(4,10000,208,66),(5,37500,209,69),(1,2500,210,16),(7,19600,211,10),(3,8100,212,75),(3,5220,213,33),(5,67500,214,64),(7,21700,215,11),(6,33000,216,86),(1,3500,217,75),(7,24500,218,48),(2,7000,219,60),(4,12000,220,96),(3,14400,221,3),(2,7400,222,8),(1,3500,223,85),(6,22800,224,72),(4,16000,225,24),(5,12500,226,84),(6,15000,227,67),(4,21400,228,11),(6,19800,229,37),(3,20100,230,82),(3,10500,231,11),(7,16800,232,23),(3,7800,233,70),(7,27720,234,43),(6,19080,235,35),(1,1600,236,45),(5,45050,237,25),(2,9400,238,65),(5,15000,239,75),(3,11700,240,19),(5,9750,241,99),(5,10000,242,39),(2,10600,243,24),(6,21000,244,9),(3,9300,245,15),(5,33500,246,15),(2,5800,247,57),(6,18000,248,24),(5,37000,249,55),(7,9800,250,33),(4,13600,251,94),(1,2900,252,34),(2,7200,253,17),(3,21000,254,28),(5,8500,255,57),(1,1600,256,80),(1,4600,257,69),(3,14700,258,20),(3,8100,259,69),(6,39000,260,63),(5,20150,261,11),(5,24000,262,7),(5,12500,263,8),(7,9800,264,30),(7,29400,265,96),(6,36600,266,40),(1,2800,267,96),(7,33600,268,23),(7,68600,269,44),(7,31500,270,15),(3,17400,271,6),(2,7000,272,51),(5,25500,273,36),(2,5800,274,84),(1,3410,275,30),(2,7400,276,32),(6,21000,277,11),(2,11000,278,73),(2,6000,279,94),(6,24000,280,93),(7,63000,281,50),(2,10000,282,47),(4,15600,283,42),(1,4200,284,61),(5,22500,285,99),(2,7200,286,80),(4,5600,287,21),(1,2000,288,69),(3,10500,289,6),(2,7000,290,33),(5,8000,291,64),(5,20000,292,68),(3,9900,293,99),(7,42000,294,86),(5,34000,295,64),(7,31500,296,30),(4,12800,297,37),(5,10000,298,81),(3,18000,299,24),(4,10800,300,6),(6,30000,301,25),(4,13460,302,7),(5,47500,303,35),(3,10500,304,89),(5,12500,305,13),(3,11670,306,71),(1,3800,307,58),(4,10000,308,50),(5,37500,309,20),(1,2500,310,59),(7,19600,311,45),(3,8100,312,64),(3,5220,313,6),(5,67500,314,81),(7,21700,315,67),(6,33000,316,41),(1,3500,317,28),(7,24500,318,6),(2,7000,319,82),(4,12000,320,54),(3,14400,321,13),(2,7400,322,79),(1,3500,323,9),(6,22800,324,88),(4,16000,325,44),(5,12500,326,86),(6,15000,327,66),(4,21400,328,44),(6,19800,329,64),(3,20100,330,40),(3,10500,331,22),(7,16800,332,18),(3,7800,333,95),(7,27720,334,81),(6,19080,335,41),(1,1600,336,57),(5,45050,337,84),(2,9400,338,54),(5,15000,339,8),(3,11700,340,7),(5,9750,341,50),(5,10000,342,12),(2,10600,343,57),(6,21000,344,38),(3,9300,345,73),(5,33500,346,66),(2,5800,347,71),(6,18000,348,23),(5,37000,349,49),(7,9800,350,67),(4,13600,351,40),(1,2900,352,64),(2,7200,353,12),(3,21000,354,8),(5,8500,355,83),(1,1600,356,84),(1,4600,357,27),(3,14700,358,71),(3,8100,359,3),(6,39000,360,49),(5,20150,361,96),(5,24000,362,57),(5,12500,363,36),(7,9800,364,23),(7,29400,365,74),(6,36600,366,47),(1,2800,367,31),(7,33600,368,45),(7,68600,369,55),(7,31500,370,98),(3,17400,371,59),(2,7000,372,18),(5,25500,373,94),(2,5800,374,62),(1,3410,375,15),(2,7400,376,76),(6,21000,377,96),(2,11000,378,41),(2,6000,379,74),(6,24000,380,9),(7,63000,381,61),(2,10000,382,64),(4,15600,383,77),(1,4200,384,5),(5,22500,385,18),(2,7200,386,5),(4,5600,387,84),(1,2000,388,95),(3,10500,389,68),(2,7000,390,63),(5,8000,391,9),(5,20000,392,86),(3,9900,393,9),(7,42000,394,23),(5,34000,395,83),(7,31500,396,18),(4,12800,397,86),(5,10000,398,5),(3,18000,399,41),(4,10800,400,42),(6,30000,401,92),(4,13460,402,9),(5,47500,403,78),(3,10500,404,67),(5,12500,405,72),(3,11670,406,14),(1,3800,407,50),(4,10000,408,29),(5,37500,409,55),(1,2500,410,50),(7,19600,411,63),(3,8100,412,10),(3,5220,413,35),(5,67500,414,70),(7,21700,415,57),(6,33000,416,22),(1,3500,417,78),(7,24500,418,17),(2,7000,419,71),(4,12000,420,26),(3,14400,421,25),(2,7400,422,19),(1,3500,423,76),(6,22800,424,7),(4,16000,425,39),(5,12500,426,4),(6,15000,427,48),(4,21400,428,68),(6,19800,429,97),(3,20100,430,83),(3,10500,431,49),(7,16800,432,82),(3,7800,433,27),(7,27720,434,64),(6,19080,435,93),(1,1600,436,66),(5,45050,437,18),(2,9400,438,8),(5,15000,439,75),(3,11700,440,41),(5,9750,441,52),(5,10000,442,24),(2,10600,443,59),(6,21000,444,86),(3,9300,445,74),(5,33500,446,78),(2,5800,447,98),(6,18000,448,12),(5,37000,449,39),(7,9800,450,18),(4,13600,451,1),(1,2900,452,44),(2,7200,453,40),(3,21000,454,28),(5,8500,455,91),(1,1600,456,88),(1,4600,457,73),(3,14700,458,25),(3,8100,459,21),(6,39000,460,58),(5,20150,461,41),(5,24000,462,86),(5,12500,463,48),(7,9800,464,60),(7,29400,465,84),(6,36600,466,1),(1,2800,467,50),(7,33600,468,88),(7,68600,469,55),(7,31500,470,29),(3,17400,471,4),(2,7000,472,38),(5,25500,473,2),(2,5800,474,55),(1,3410,475,100),(2,7400,476,12),(6,21000,477,72),(2,11000,478,59),(2,6000,479,89),(6,24000,480,76),(7,63000,481,88),(2,10000,482,57),(4,15600,483,97),(1,4200,484,46),(5,22500,485,94),(2,7200,486,94),(4,5600,487,80),(1,2000,488,44),(3,10500,489,60),(2,7000,490,65),(5,8000,491,50),(5,20000,492,70),(3,9900,493,79),(7,42000,494,53),(5,34000,495,34),(7,31500,496,13),(4,12800,497,99),(5,10000,498,95),(3,18000,499,28),(4,10800,500,25),(6,30000,501,91),(4,13460,502,29),(5,47500,503,19),(3,10500,504,33),(5,12500,505,82),(3,11670,506,81),(1,3800,507,90),(4,10000,508,96),(5,37500,509,90),(1,2500,510,14),(7,19600,511,14),(3,8100,512,66),(3,5220,513,53),(5,67500,514,32),(7,21700,515,13),(6,33000,516,83),(1,3500,517,66),(7,24500,518,43),(2,7000,519,71),(4,12000,520,87),(3,14400,521,35),(2,7400,522,89),(1,3500,523,69),(6,22800,524,3),(4,16000,525,70),(5,12500,526,73),(6,15000,527,78),(4,21400,528,19),(6,19800,529,61),(3,20100,530,35),(3,10500,531,65),(7,16800,532,9),(3,7800,533,90),(7,27720,534,53),(6,19080,535,52),(1,1600,536,28),(5,45050,537,60),(2,9400,538,95),(5,15000,539,7),(3,11700,540,93),(5,9750,541,26),(5,10000,542,90),(2,10600,543,90),(6,21000,544,33),(3,9300,545,41),(5,33500,546,22),(2,5800,547,35),(6,18000,548,20),(5,37000,549,85),(7,9800,550,87),(4,13600,551,42),(1,2900,552,100),(2,7200,553,77),(3,21000,554,2),(5,8500,555,44),(1,1600,556,73),(1,4600,557,28),(3,14700,558,20),(3,8100,559,72),(6,39000,560,86),(5,20150,561,15),(5,24000,562,31),(5,12500,563,6),(7,9800,564,85),(7,29400,565,54),(6,36600,566,97),(1,2800,567,90),(7,33600,568,3),(7,68600,569,74),(7,31500,570,12),(3,17400,571,62),(2,7000,572,19),(5,25500,573,89),(2,5800,574,58),(1,3410,575,60),(2,7400,576,40),(6,21000,577,32),(2,11000,578,5),(2,6000,579,71),(6,24000,580,68),(7,63000,581,94),(2,10000,582,14),(4,15600,583,61),(1,4200,584,51),(5,22500,585,8),(2,7200,586,84),(4,5600,587,61),(1,2000,588,4),(3,10500,589,43),(2,7000,590,37),(5,8000,591,2),(5,20000,592,38),(3,9900,593,25),(7,42000,594,2),(5,34000,595,82),(7,31500,596,57),(4,12800,597,89),(5,10000,598,63),(3,18000,599,24),(4,10800,600,34),(6,30000,601,57),(4,13460,602,27),(5,47500,603,48),(3,10500,604,92),(5,12500,605,46),(3,11670,606,50),(1,3800,607,86),(4,10000,608,3),(5,37500,609,59),(1,2500,610,79),(7,19600,611,14),(3,8100,612,62),(3,5220,613,86),(5,67500,614,71),(7,21700,615,73),(6,33000,616,38),(1,3500,617,23),(7,24500,618,19),(2,7000,619,49),(4,12000,620,69),(3,14400,621,45),(2,7400,622,88),(1,3500,623,64),(6,22800,624,73),(4,16000,625,64),(5,12500,626,66),(6,15000,627,29),(4,21400,628,23),(6,19800,629,59),(3,20100,630,9),(3,10500,631,78),(7,16800,632,52),(3,7800,633,84),(7,27720,634,37),(6,19080,635,81),(1,1600,636,36),(5,45050,637,3),(2,9400,638,22),(5,15000,639,37),(3,11700,640,49),(5,9750,641,22),(5,10000,642,95),(2,10600,643,27),(6,21000,644,68),(3,9300,645,85),(5,33500,646,66),(2,5800,647,49),(6,18000,648,4),(5,37000,649,69),(7,9800,650,8),(4,13600,651,53),(1,2900,652,43),(2,7200,653,80),(3,21000,654,39),(5,8500,655,64),(1,1600,656,61),(1,4600,657,57),(3,14700,658,99),(3,8100,659,66),(6,39000,660,57),(5,20150,661,29),(5,24000,662,54),(5,12500,663,45),(7,9800,664,70),(7,29400,665,51),(6,36600,666,13),(1,2800,667,69),(7,33600,668,47),(7,68600,669,35),(7,31500,670,20),(3,17400,671,1),(2,7000,672,78),(5,25500,673,90),(2,5800,674,73),(1,3410,675,31),(2,7400,676,61),(6,21000,677,64),(2,11000,678,5),(2,6000,679,59),(6,24000,680,1),(7,63000,681,9),(2,10000,682,34),(4,15600,683,12),(1,4200,684,39),(5,22500,685,48),(2,7200,686,14),(4,5600,687,98),(1,2000,688,9),(3,10500,689,74),(2,7000,690,99),(5,8000,691,28),(5,20000,692,45),(3,9900,693,7),(7,42000,694,82),(5,34000,695,4),(7,31500,696,26),(4,12800,697,71),(5,10000,698,47),(3,18000,699,52),(4,10800,700,32),(6,30000,701,71),(4,13460,702,13),(5,47500,703,32),(3,10500,704,13),(5,12500,705,98),(3,11670,706,17),(1,3800,707,46),(4,10000,708,72),(5,37500,709,16),(1,2500,710,99),(7,19600,711,25),(3,8100,712,7),(3,5220,713,98),(5,67500,714,72),(7,21700,715,100),(6,33000,716,61),(1,3500,717,64),(7,24500,718,56),(2,7000,719,8),(4,12000,720,77),(3,14400,721,56),(2,7400,722,36),(1,3500,723,58),(6,22800,724,92),(4,16000,725,1),(5,12500,726,90),(6,15000,727,89),(4,21400,728,38),(6,19800,729,48),(3,20100,730,54),(3,10500,731,10),(7,16800,732,5),(3,7800,733,50),(7,27720,734,88),(6,19080,735,77),(1,1600,736,28),(5,45050,737,21),(2,9400,738,95),(5,15000,739,60),(3,11700,740,31),(5,9750,741,32),(5,10000,742,57),(2,10600,743,54),(6,21000,744,68),(3,9300,745,59),(5,33500,746,20),(2,5800,747,94),(6,18000,748,47),(5,37000,749,54),(7,9800,750,50),(4,13600,751,70),(1,2900,752,99),(2,7200,753,35),(3,21000,754,76),(5,8500,755,10),(1,1600,756,74),(1,4600,757,37),(3,14700,758,39),(3,8100,759,69),(6,39000,760,39),(5,20150,761,67),(5,24000,762,49),(5,12500,763,42),(7,9800,764,67),(7,29400,765,92),(6,36600,766,78),(1,2800,767,38),(7,33600,768,64),(7,68600,769,91),(7,31500,770,42),(3,17400,771,36),(2,7000,772,78),(5,25500,773,98),(2,5800,774,26),(1,3410,775,70),(2,7400,776,62),(6,21000,777,39),(2,11000,778,38),(2,6000,779,50),(6,24000,780,35),(7,63000,781,13),(2,10000,782,39),(4,15600,783,80),(1,4200,784,31),(5,22500,785,54),(2,7200,786,73),(4,5600,787,21),(1,2000,788,26),(3,10500,789,74),(2,7000,790,23),(5,8000,791,63),(5,20000,792,8),(3,9900,793,54),(7,42000,794,52),(5,34000,795,37),(7,31500,796,67),(4,12800,797,30),(5,10000,798,64),(3,18000,799,12),(4,10800,800,44),(6,30000,801,52),(4,13460,802,68),(5,47500,803,56),(3,10500,804,68),(5,12500,805,88),(3,11670,806,89),(1,3800,807,59),(4,10000,808,82),(5,37500,809,16),(1,2500,810,38),(7,19600,811,97),(3,8100,812,21),(3,5220,813,63),(5,67500,814,42),(7,21700,815,35),(6,33000,816,86),(1,3500,817,34),(7,24500,818,16),(2,7000,819,70),(4,12000,820,36),(3,14400,821,89),(2,7400,822,28),(1,3500,823,8),(6,22800,824,76),(4,16000,825,34),(5,12500,826,26),(6,15000,827,58),(4,21400,828,22),(6,19800,829,26),(3,20100,830,35),(3,10500,831,58),(7,16800,832,50),(3,7800,833,90),(7,27720,834,22),(6,19080,835,42),(1,1600,836,47),(5,45050,837,6),(2,9400,838,90),(5,15000,839,58),(3,11700,840,14),(5,9750,841,18),(5,10000,842,46),(2,10600,843,34),(6,21000,844,80),(3,9300,845,19),(5,33500,846,49),(2,5800,847,42),(6,18000,848,100),(5,37000,849,67),(7,9800,850,98),(4,13600,851,17),(1,2900,852,8),(2,7200,853,45),(3,21000,854,40),(5,8500,855,63),(1,1600,856,30),(1,4600,857,76),(3,14700,858,16),(3,8100,859,11),(6,39000,860,64),(5,20150,861,1),(5,24000,862,70),(5,12500,863,53),(7,9800,864,24),(7,29400,865,60),(6,36600,866,76),(1,2800,867,48),(7,33600,868,60),(7,68600,869,2),(7,31500,870,59),(3,17400,871,22),(2,7000,872,35),(5,25500,873,54),(2,5800,874,84),(1,3410,875,62),(2,7400,876,4),(6,21000,877,44),(2,11000,878,88),(2,6000,879,2),(6,24000,880,74),(7,63000,881,93),(2,10000,882,26),(4,15600,883,23),(1,4200,884,64),(5,22500,885,13),(2,7200,886,76),(4,5600,887,52),(1,2000,888,6),(3,10500,889,7),(2,7000,890,39),(5,8000,891,79),(5,20000,892,16),(3,9900,893,87),(7,42000,894,70),(5,34000,895,51),(7,31500,896,10),(4,12800,897,88),(5,10000,898,14),(3,18000,899,33),(4,10800,900,49),(6,30000,901,29),(4,13460,902,56),(5,47500,903,4),(3,10500,904,7),(5,12500,905,42),(3,11670,906,100),(1,3800,907,59),(4,10000,908,12),(5,37500,909,56),(1,2500,910,81),(7,19600,911,23),(3,8100,912,62),(3,5220,913,1),(5,67500,914,12),(7,21700,915,41),(6,33000,916,13),(1,3500,917,89),(7,24500,918,67),(2,7000,919,87),(4,12000,920,71),(3,14400,921,26),(2,7400,922,23),(1,3500,923,13),(6,22800,924,85),(4,16000,925,46),(5,12500,926,98),(6,15000,927,23),(4,21400,928,91),(6,19800,929,68),(3,20100,930,59),(3,10500,931,36),(7,16800,932,46),(3,7800,933,55),(7,27720,934,72),(6,19080,935,47),(1,1600,936,48),(5,45050,937,17),(2,9400,938,9),(5,15000,939,31),(3,11700,940,59),(5,9750,941,86),(5,10000,942,42),(2,10600,943,14),(6,21000,944,10),(3,9300,945,54),(5,33500,946,60),(2,5800,947,61),(6,18000,948,75),(5,37000,949,13),(7,9800,950,57),(4,13600,951,62),(1,2900,952,39),(2,7200,953,27),(3,21000,954,16),(5,8500,955,90),(1,1600,956,23),(1,4600,957,45),(3,14700,958,11),(3,8100,959,28),(6,39000,960,65),(5,20150,961,30),(5,24000,962,36),(5,12500,963,18),(7,9800,964,29),(7,29400,965,11),(6,36600,966,21),(1,2800,967,52),(7,33600,968,47),(7,68600,969,49),(7,31500,970,23),(3,17400,971,29),(2,7000,972,16),(5,25500,973,59),(2,5800,974,85),(1,3410,975,17),(2,7400,976,72),(6,21000,977,81),(2,11000,978,97),(2,6000,979,18),(6,24000,980,73),(7,63000,981,2),(2,10000,982,43),(4,15600,983,73),(1,4200,984,98),(5,22500,985,100),(2,7200,986,73),(4,5600,987,84),(1,2000,988,1),(3,10500,989,94),(2,7000,990,65),(5,8000,991,10),(5,20000,992,41),(3,9900,993,24),(7,42000,994,15),(5,34000,995,38),(7,31500,996,87),(4,12800,997,41),(5,10000,998,70),(3,18000,999,18),(4,10800,1000,68);
/*!40000 ALTER TABLE `detalle_venta` ENABLE KEYS */;
UNLOCK TABLES;

--
-- Temporary view structure for view `detalleventas`
--

DROP TABLE IF EXISTS `detalleventas`;
/*!50001 DROP VIEW IF EXISTS `detalleventas`*/;
SET @saved_cs_client     = @@character_set_client;
/*!50503 SET character_set_client = utf8mb4 */;
/*!50001 CREATE VIEW `detalleventas` AS SELECT 
 1 AS `CANTIDAD`,
 1 AS `PRECIO_TOTAL`,
 1 AS `IDVENTA`,
 1 AS `IDLIBRO`*/;
SET character_set_client = @saved_cs_client;

--
-- Table structure for table `empleado`
--

DROP TABLE IF EXISTS `empleado`;
/*!40101 SET @saved_cs_client     = @@character_set_client */;
/*!50503 SET character_set_client = utf8mb4 */;
CREATE TABLE `empleado` (
  `IDEMPLEADO` int NOT NULL AUTO_INCREMENT,
  `NOMBRE` varchar(100) DEFAULT NULL,
  `TELEFONO` varchar(20) DEFAULT NULL,
  `CORREO` varchar(100) DEFAULT NULL,
  `IDSUCURSAL` int DEFAULT NULL,
  PRIMARY KEY (`IDEMPLEADO`),
  KEY `FK_EMP_CLIENTE` (`IDSUCURSAL`),
  CONSTRAINT `FK_EMP_CLIENTE` FOREIGN KEY (`IDSUCURSAL`) REFERENCES `sucursal` (`IDSUCURSAL`)
) ENGINE=InnoDB AUTO_INCREMENT=51 DEFAULT CHARSET=utf8mb4 COLLATE=utf8mb4_0900_ai_ci;
/*!40101 SET character_set_client = @saved_cs_client */;

--
-- Dumping data for table `empleado`
--

LOCK TABLES `empleado` WRITE;
/*!40000 ALTER TABLE `empleado` DISABLE KEYS */;
INSERT INTO `empleado` VALUES (1,'Franny Eyeington','579-447-6570','feyeington0@indiatimes.com',2),(2,'Donetta Huie','186-822-3082','dhuie1@yellowpages.com',3),(3,'Riane Pointer','813-231-0559','rpointer2@cbc.ca',5),(4,'Kathlin Braid','297-140-1272','kbraid3@auda.org.au',1),(5,'Somerset Sokell','910-815-6046','ssokell4@techcrunch.com',4),(6,'Leone Goldwater','733-743-5507','lgoldwater5@skyrock.com',7),(7,'Teddy Tuffey','830-560-6931','ttuffey6@artisteer.com',4),(8,'Chris Stroband','913-536-9781','cstroband7@addthis.com',5),(9,'Farrand MacNeilage','350-476-6369','fmacneilage8@omniture.com',4),(10,'Jeanette Joao','472-477-6282','jjoao9@vistaprint.com',2),(11,'Penni Cella','399-985-7185','pcellaa@yolasite.com',5),(12,'Charin Fitzharris','219-988-6538','cfitzharrisb@xing.com',10),(13,'Emmit Tombs','723-121-8611','etombsc@a8.net',8),(14,'Emilio Augustin','284-498-6183','eaugustind@sina.com.cn',5),(15,'Shea O\'Kerin','401-864-5187','sokerine@unc.edu',9),(16,'Staffard Fausch','639-979-5925','sfauschf@cmu.edu',1),(17,'Nathanil Willshere','784-881-9935','nwillshereg@google.com.hk',6),(18,'Ugo Tracey','735-137-8706','utraceyh@nationalgeographic.com',2),(19,'Garnet Barstow','531-847-5577','gbarstowi@blogger.com',2),(20,'Tracey Irnys','725-603-3058','tirnysj@opensource.org',5),(21,'Esdras Slowan','423-841-0067','eslowank@statcounter.com',2),(22,'Shawnee Deluca','385-328-5039','sdelucal@delicious.com',4),(23,'Adriena Vurley','519-620-9301','avurleym@icq.com',1),(24,'Tades Picard','155-989-6508','tpicardn@state.tx.us',9),(25,'Joeann Cail','302-579-2179','jcailo@ftc.gov',5),(26,'Ninon Sesser','694-946-6868','nsesserp@sogou.com',1),(27,'Aridatha Soppeth','251-823-1113','asoppethq@example.com',1),(28,'Sophie Bishop','782-625-1815','sbishopr@arstechnica.com',10),(29,'Henriette Bravington','812-471-9952','hbravingtons@1688.com',7),(30,'Mariele Eliyahu','887-394-9781','meliyahut@bandcamp.com',8),(31,'Winny Rewan','291-201-7330','wrewanu@army.mil',10),(32,'Gabie Garrattley','457-857-3071','ggarrattleyv@netscape.com',10),(33,'Nester Swains','637-952-2414','nswainsw@twitter.com',8),(34,'Caresa Behneke','197-216-8209','cbehnekex@soup.io',3),(35,'Mellie Petkens','973-504-6804','mpetkensy@techcrunch.com',1),(36,'Lesley Emsden','775-971-4275','lemsdenz@exblog.jp',3),(37,'Gaultiero Gellier','344-779-9374','ggellier10@dion.ne.jp',1),(38,'Idaline Pfeffel','719-547-9817','ipfeffel11@hao123.com',1),(39,'Melanie Candwell','802-940-7279','mcandwell12@pagesperso-orange.fr',4),(40,'Grady Burgher','567-741-1276','gburgher13@java.com',4),(41,'Ebony Danher','275-584-0555','edanher14@cisco.com',1),(42,'Rhona L\'Archer','452-405-7703','rlarcher15@washington.edu',2),(43,'Mia Croxton','858-515-7188','mcroxton16@technorati.com',7),(44,'Morgun Callendar','641-249-8010','mcallendar17@engadget.com',6),(45,'Mommy Regler','677-876-0610','mregler18@unc.edu',3),(46,'Luis Paddemore','282-546-1160','lpaddemore19@usatoday.com',6),(47,'Bird Dobbison','623-286-9061','bdobbison1a@amazon.com',6),(48,'Anatola Kinrade','554-871-0638','akinrade1b@discovery.com',7),(49,'Charmaine Skune','804-741-2191','cskune1c@nsw.gov.au',9),(50,'Tori Cheasman','509-616-5628','tcheasman1d@berkeley.edu',6);
/*!40000 ALTER TABLE `empleado` ENABLE KEYS */;
UNLOCK TABLES;

--
-- Table structure for table `gerente`
--

DROP TABLE IF EXISTS `gerente`;
/*!40101 SET @saved_cs_client     = @@character_set_client */;
/*!50503 SET character_set_client = utf8mb4 */;
CREATE TABLE `gerente` (
  `IDGERENTE` int NOT NULL AUTO_INCREMENT,
  `NOMBRE` varchar(100) DEFAULT NULL,
  `TELEFONO` varchar(20) DEFAULT NULL,
  `CORREO` varchar(100) DEFAULT NULL,
  PRIMARY KEY (`IDGERENTE`)
) ENGINE=InnoDB AUTO_INCREMENT=11 DEFAULT CHARSET=utf8mb4 COLLATE=utf8mb4_0900_ai_ci;
/*!40101 SET character_set_client = @saved_cs_client */;

--
-- Dumping data for table `gerente`
--

LOCK TABLES `gerente` WRITE;
/*!40000 ALTER TABLE `gerente` DISABLE KEYS */;
INSERT INTO `gerente` VALUES (1,'Ana López','758-15-5399','alopez@rambler.ru'),(2,'Pedro Rodríguez','415-97-4321','prodriguez@scribd.com'),(3,'Juan Martínez','237-29-6824','jmartinez23@domainmarket.com'),(4,'Juan Molina','379-68-5220','molina3@printfriendly.com'),(5,'María García','834-93-7556','mgarcia95@ifeng.com'),(6,'Eugenia Vielma','221-30-5620','evielma5@tmall.com'),(7,'Pedro Ramirez','465-34-8357','pramita66@narod.ru'),(8,'Mario Galindez','361-56-4822','mgalinx7@xing.com'),(9,'Juana Yañez','291-47-7841','jyan@nba.com'),(10,'Miriam Guttman','234-12-6214','guttmanm@army.mil');
/*!40000 ALTER TABLE `gerente` ENABLE KEYS */;
UNLOCK TABLES;

--
-- Table structure for table `libro`
--

DROP TABLE IF EXISTS `libro`;
/*!40101 SET @saved_cs_client     = @@character_set_client */;
/*!50503 SET character_set_client = utf8mb4 */;
CREATE TABLE `libro` (
  `IDLIBRO` int NOT NULL AUTO_INCREMENT,
  `IDSUCURSAL` int DEFAULT NULL,
  `IDPROVEEDOR` int DEFAULT NULL,
  `TITULO` varchar(100) DEFAULT NULL,
  `PRECIO_UNITARIO` int DEFAULT NULL,
  `DISPONIBLE` tinyint(1) DEFAULT NULL,
  PRIMARY KEY (`IDLIBRO`),
  KEY `FK_LIBRO_SUCURSAL` (`IDSUCURSAL`),
  KEY `FK_LIBRO_PROVEEDOR` (`IDPROVEEDOR`),
  CONSTRAINT `FK_LIBRO_PROVEEDOR` FOREIGN KEY (`IDPROVEEDOR`) REFERENCES `proveedor` (`IDPROVEEDOR`),
  CONSTRAINT `FK_LIBRO_SUCURSAL` FOREIGN KEY (`IDSUCURSAL`) REFERENCES `sucursal` (`IDSUCURSAL`)
) ENGINE=InnoDB AUTO_INCREMENT=101 DEFAULT CHARSET=utf8mb4 COLLATE=utf8mb4_0900_ai_ci;
/*!40101 SET character_set_client = @saved_cs_client */;

--
-- Dumping data for table `libro`
--

LOCK TABLES `libro` WRITE;
/*!40000 ALTER TABLE `libro` DISABLE KEYS */;
INSERT INTO `libro` VALUES (1,2,5,'De cada cosa un poquito',5000,1),(2,3,5,'200 años de formación de la Policía Federal Argentina',3365,1),(3,4,1,'200 AÑOS DE FORMACIÓN',9500,0),(4,10,6,'25 años UNLA',3500,1),(5,6,7,'A pesar de mi sexo',2500,0),(6,1,1,'Accesos y exclusiones a la cultura escrita',3890,1),(7,8,1,'Actividad historiográfica en Filosofía y Letras',3800,0),(8,1,3,'ADOLESCENTES SEXUALIDADES PRACTICAS Y DERECHOS',2500,1),(9,4,2,'Agricultura y ganadería pampeanas',7500,1),(10,8,9,'Alfabetización inicial y avanzada',2500,1),(11,6,4,'Alumbrando el camino de los silencios',2800,1),(12,1,6,'Alzheimer, la enfermedad y sus cuidados',2700,1),(13,2,10,'Análisis socio-histórico de la construcción profesional de la enfermería',1740,1),(14,6,4,'Antología de poetas del Noroeste Argentino',13500,1),(15,10,5,'Apuntes de Cálculo Numérico',3100,0),(16,3,3,'Apuntes de una fundación',5500,1),(17,9,7,'Apuntes sobre experiencias en extensión',3500,1),(18,1,1,'Apuntes sobre experiencias en gestión',3500,0),(19,2,2,'Apuntes sobre experiencias en investigación',3500,0),(20,4,8,'Árboles y arbustos nativos',3000,1),(21,8,8,'Argentina como Drama, La',4800,1),(22,1,6,'Argentina, China y el mundo',3700,1),(23,6,8,'Ariadna, aquitecta',3500,1),(24,5,5,'Arrecifes, restingas y bancos rocosos',3800,1),(25,1,5,'Aspectos Prácticos del Procedimiento Laboral',4000,1),(26,3,9,'Autismo, descubriendo sus colores',2500,1),(27,5,5,'Avellaneda y Tula y la autonomía',2500,1),(28,6,1,'Aventuras de Pinocho, Las',5350,0),(29,4,1,'Bajo el signo del agua',3300,1),(30,8,7,'Bioética para principiantes',6700,1),(31,2,3,'Biologia conceptos y definiciones',3500,1),(32,2,7,'Biología del suelo',2400,0),(33,7,2,'Bolívar Echeverría',2600,0),(34,5,6,'Bolivarismo y antimitrismo',3960,1),(35,2,1,'Buenos vecinos',3180,1),(36,3,4,'Cambios en el castigo en Argentina',1600,1),(37,6,2,'Caminos de un maestro rural',9010,1),(38,3,1,'Cáncer. Factores de riesgo',4700,1),(39,2,8,'Carceles en latinoamerica',3000,1),(40,3,2,'Cartas a Lucrecio',3900,1),(41,7,1,'Cartas de un cielo a otro',1950,0),(42,1,1,'Causas y broncas',2000,0),(43,1,2,'Celebrar',5300,1),(44,3,4,'Censo y constitución nacional',3500,1),(45,4,9,'Ciencia Monstruosa',3100,1),(46,3,5,'Cine Líquido',6700,1),(47,2,6,'Cines regionales en cruce',2900,1),(48,1,6,'Cómo cultivar tus plantas',3000,1),(49,2,1,'Cómo trabajar las masculinidades',7400,1),(50,6,5,'Comunicación en salud',1400,0),(51,7,4,'Con el río al cuello',3400,1),(52,6,1,'Consenso y conflicto en la democracia contemporánea',2900,1),(53,3,5,'Constitución y pandemia',3600,1),(54,8,3,'Cuadernos de Anatomia',7000,0),(55,5,8,'Cuerpos-territorios de las mujeres mapuce',1700,0),(56,5,5,'Cuestiones de Sociolinguística',1600,1),(57,6,4,'Cuidado nutricional pediátrico Tomo 1',4600,1),(58,6,4,'Cuidado nutricional pediátrico Tomo 2',4900,0),(59,2,2,'Cultura y patrimonio nacional',2700,1),(60,2,1,'Curtir el cuero',6500,1),(61,4,1,'Cusifai',4030,1),(62,7,5,'De bibliotecas, lectores y libros de Santa Fe',4800,1),(63,2,8,'De la indefensión a la impotencia',2500,1),(64,4,4,'De la medicina narrativa a los cuidados humanizados',1400,1),(65,8,8,'De lo escrito a la escritura',4200,1),(66,4,3,'De lunes a viernes las cosas',6100,1),(67,9,2,'De relaciones tóxicas a un vínculo amoroso',2800,1),(68,9,1,'Defender la Democracia',4800,1),(69,8,4,'Del moro al oro',9800,0),(70,4,6,'Demasiada luz',4500,0),(71,7,7,'Derecho a la ciudad en América Latina. Tomo 2',5800,1),(72,2,5,'Derecho ambiental de los hidrocarburos en el mar',3500,1),(73,1,8,'Derecho e imagen en Hispanoamérica',5100,1),(74,6,5,'Derecho humano a la comunicación',2900,1),(75,8,3,'Derechos humanos y educación sexual integral',3410,1),(76,9,9,'Derivas de la sangre',3700,1),(77,1,7,'Desarme y no proliferación: un enfoque multidisciplinario',3500,1),(78,3,2,'Desarrollo humano en perspectiva',5500,0),(79,2,6,'Desde el armario',3000,1),(80,4,2,'Desigualdad y pobreza en América Latina',4000,1),(81,6,5,'Desigualdades en el marco de la pandemia',9000,1),(82,3,8,'Desigualdades en el marco de la pandemia 2',5000,1),(83,4,1,'Diario de Ana Frank',3900,0),(84,7,8,'Diario desde el Balcon',4200,0),(85,5,2,'Didáctica del nivel superior en agenda',4500,1),(86,7,1,'Discapacidad intelectual en niños. Teoría y práctica',3600,1),(87,1,7,'Discursos Identitarios',1400,1),(88,8,1,'Discusiones sobre el  tipo de cambio',2000,1),(89,9,1,'Diseñar dibujando',3500,1),(90,8,5,'Diseño tecnológico de los niños',3500,1),(91,5,8,'Disputas por el Bicentenario en Argentina',1600,0),(92,4,7,'Diversidad Biológica Marina',4000,1),(93,7,4,'Dos novelas cortas',3300,1),(94,7,4,'Dueño del mundo que da la esquina',6000,1),(95,9,8,'Economía de las artes y de la cultura',6800,0),(96,8,9,'Educación matemática vol 2',4500,1),(97,4,3,'Educacion popular latinoamericana',3200,1),(98,3,4,'El agua en conflicto',2000,1),(99,1,6,'El Alamein',6000,0),(100,6,1,'El Alero Nestares',2700,1);
/*!40000 ALTER TABLE `libro` ENABLE KEYS */;
UNLOCK TABLES;

--
-- Table structure for table `pagos`
--

DROP TABLE IF EXISTS `pagos`;
/*!40101 SET @saved_cs_client     = @@character_set_client */;
/*!50503 SET character_set_client = utf8mb4 */;
CREATE TABLE `pagos` (
  `IDPAGO` int NOT NULL AUTO_INCREMENT,
  `IDCLIENTE` int DEFAULT NULL,
  `FECHA` datetime DEFAULT NULL,
  `TYPO` enum('EFECTIVO','DEBITO','CREDITO') DEFAULT NULL,
  PRIMARY KEY (`IDPAGO`),
  KEY `FK_PAGOS_CLIENTE` (`IDCLIENTE`),
  CONSTRAINT `FK_PAGOS_CLIENTE` FOREIGN KEY (`IDCLIENTE`) REFERENCES `cliente` (`IDCLIENTE`)
) ENGINE=InnoDB AUTO_INCREMENT=21 DEFAULT CHARSET=utf8mb4 COLLATE=utf8mb4_0900_ai_ci;
/*!40101 SET character_set_client = @saved_cs_client */;

--
-- Dumping data for table `pagos`
--

LOCK TABLES `pagos` WRITE;
/*!40000 ALTER TABLE `pagos` DISABLE KEYS */;
INSERT INTO `pagos` VALUES (1,66,'2023-05-14 00:00:00','CREDITO'),(2,42,'2023-09-15 00:00:00','DEBITO'),(3,13,'2023-07-19 00:00:00','EFECTIVO'),(4,46,'2024-02-26 00:00:00','CREDITO'),(5,6,'2023-11-07 00:00:00','CREDITO'),(6,17,'2023-11-22 00:00:00','CREDITO'),(7,97,'2023-11-25 00:00:00','CREDITO'),(8,67,'2024-03-31 00:00:00','EFECTIVO'),(9,36,'2023-07-01 00:00:00','CREDITO'),(10,2,'2024-04-06 00:00:00','CREDITO'),(11,86,'2023-11-10 00:00:00','CREDITO'),(12,93,'2023-10-11 00:00:00','DEBITO'),(13,7,'2023-09-21 00:00:00','CREDITO'),(14,83,'2024-02-05 00:00:00','CREDITO'),(15,9,'2023-06-26 00:00:00','CREDITO'),(16,78,'2024-03-16 00:00:00','DEBITO'),(17,44,'2023-08-13 00:00:00','DEBITO'),(18,88,'2024-04-16 00:00:00','CREDITO'),(19,57,'2024-01-26 00:00:00','DEBITO'),(20,88,'2023-09-12 00:00:00','EFECTIVO');
/*!40000 ALTER TABLE `pagos` ENABLE KEYS */;
UNLOCK TABLES;

--
-- Table structure for table `proveedor`
--

DROP TABLE IF EXISTS `proveedor`;
/*!40101 SET @saved_cs_client     = @@character_set_client */;
/*!50503 SET character_set_client = utf8mb4 */;
CREATE TABLE `proveedor` (
  `IDPROVEEDOR` int NOT NULL AUTO_INCREMENT,
  `NOMBRE` varchar(100) DEFAULT NULL,
  `TELEFONO` varchar(20) NOT NULL,
  `CORREO` varchar(100) NOT NULL,
  PRIMARY KEY (`IDPROVEEDOR`),
  UNIQUE KEY `CORREO` (`CORREO`)
) ENGINE=InnoDB AUTO_INCREMENT=11 DEFAULT CHARSET=utf8mb4 COLLATE=utf8mb4_0900_ai_ci;
/*!40101 SET character_set_client = @saved_cs_client */;

--
-- Dumping data for table `proveedor`
--

LOCK TABLES `proveedor` WRITE;
/*!40000 ALTER TABLE `proveedor` DISABLE KEYS */;
INSERT INTO `proveedor` VALUES (1,'Galerna','462-582-4134','info@galerna.ar'),(2,'Planeta de libros','838-804-4930','comercial@planeta.com'),(3,'Eudeba','200-564-4104','comercial.eudeba@gmail.com'),(4,'Tematika','153-986-2187','clientes@tematika.com'),(5,'Eudene','475-945-6224','editorial@unne.edu.ar'),(6,'Librería Universitaria','714-231-6490','lua@hotmail.com'),(7,'Libros UNAHUR','473-590-8318','contacto@unahurlibros.com'),(8,'Ediciones de La Flor','891-962-4626','contacto@elf.com.ar'),(9,'Losada','732-796-7173','losada.ventas@gmail.com'),(10,'Oceano','772-742-7610','oceano@oceano.com');
/*!40000 ALTER TABLE `proveedor` ENABLE KEYS */;
UNLOCK TABLES;

--
-- Table structure for table `sucursal`
--

DROP TABLE IF EXISTS `sucursal`;
/*!40101 SET @saved_cs_client     = @@character_set_client */;
/*!50503 SET character_set_client = utf8mb4 */;
CREATE TABLE `sucursal` (
  `IDSUCURSAL` int NOT NULL AUTO_INCREMENT,
  `NOMBRE` varchar(100) DEFAULT NULL,
  `DIRECCION` varchar(255) DEFAULT NULL,
  `TELEFONO` varchar(20) DEFAULT NULL,
  `IDGERENTE` int DEFAULT NULL,
  PRIMARY KEY (`IDSUCURSAL`),
  KEY `FK_SUCURSAL_GERENTE` (`IDGERENTE`),
  CONSTRAINT `FK_SUCURSAL_GERENTE` FOREIGN KEY (`IDGERENTE`) REFERENCES `gerente` (`IDGERENTE`)
) ENGINE=InnoDB AUTO_INCREMENT=11 DEFAULT CHARSET=utf8mb4 COLLATE=utf8mb4_0900_ai_ci;
/*!40101 SET character_set_client = @saved_cs_client */;

--
-- Dumping data for table `sucursal`
--

LOCK TABLES `sucursal` WRITE;
/*!40000 ALTER TABLE `sucursal` DISABLE KEYS */;
INSERT INTO `sucursal` VALUES (1,'Punto de encuentro','Av. de Mayo 166','797-112-6242',10),(2,'SBS librería','Av. Rivadavia 5660','871-993-4528',5),(3,'Cuspide','Av. Pueyrredon 525','946-722-1218',8),(4,'El Ateneo','Av. Córdoba 123','483-376-8190',3),(5,'Librería Santa Fe','Av. Santa Fe 666','259-519-2626',9),(6,'Librería Universitaria','Ecuador 871','710-249-4485',1),(7,'La Libre','Bolivar 563','957-451-0376',2),(8,'Librería Pote y Pepa','Pringles 1014','286-122-0469',6),(9,'Journal Librería','Marcelo T de Alvear 6595','573-493-1375',4),(10,'Avila Librería','Bolivar 200','632-188-1219',7);
/*!40000 ALTER TABLE `sucursal` ENABLE KEYS */;
UNLOCK TABLES;

--
-- Table structure for table `tipoventa`
--

DROP TABLE IF EXISTS `tipoventa`;
/*!40101 SET @saved_cs_client     = @@character_set_client */;
/*!50503 SET character_set_client = utf8mb4 */;
CREATE TABLE `tipoventa` (
  `IDTIPOVENTA` int NOT NULL AUTO_INCREMENT,
  `TIPO` varchar(50) DEFAULT NULL,
  PRIMARY KEY (`IDTIPOVENTA`)
) ENGINE=InnoDB AUTO_INCREMENT=3 DEFAULT CHARSET=utf8mb4 COLLATE=utf8mb4_0900_ai_ci;
/*!40101 SET character_set_client = @saved_cs_client */;

--
-- Dumping data for table `tipoventa`
--

LOCK TABLES `tipoventa` WRITE;
/*!40000 ALTER TABLE `tipoventa` DISABLE KEYS */;
INSERT INTO `tipoventa` VALUES (1,'Venta en consignación'),(2,'Venta en firme');
/*!40000 ALTER TABLE `tipoventa` ENABLE KEYS */;
UNLOCK TABLES;

--
-- Table structure for table `venta`
--

DROP TABLE IF EXISTS `venta`;
/*!40101 SET @saved_cs_client     = @@character_set_client */;
/*!50503 SET character_set_client = utf8mb4 */;
CREATE TABLE `venta` (
  `IDVENTA` int NOT NULL AUTO_INCREMENT,
  `IDCLIENTE` int DEFAULT NULL,
  `IDLIBRO` int DEFAULT NULL,
  `IDEMPLEADO` int DEFAULT NULL,
  `IDTIPOVENTA` int DEFAULT NULL,
  `FECHA` datetime DEFAULT NULL,
  PRIMARY KEY (`IDVENTA`),
  KEY `FK_VENTA_CLIENTE` (`IDCLIENTE`),
  KEY `FK_VENTA_LIBRO` (`IDLIBRO`),
  KEY `FK_VENTA_EMPLEADO` (`IDEMPLEADO`),
  KEY `FK_VENTA_TIPOVENTA` (`IDTIPOVENTA`),
  CONSTRAINT `FK_VENTA_CLIENTE` FOREIGN KEY (`IDCLIENTE`) REFERENCES `cliente` (`IDCLIENTE`),
  CONSTRAINT `FK_VENTA_EMPLEADO` FOREIGN KEY (`IDEMPLEADO`) REFERENCES `empleado` (`IDEMPLEADO`),
  CONSTRAINT `FK_VENTA_LIBRO` FOREIGN KEY (`IDLIBRO`) REFERENCES `libro` (`IDLIBRO`),
  CONSTRAINT `FK_VENTA_TIPOVENTA` FOREIGN KEY (`IDTIPOVENTA`) REFERENCES `tipoventa` (`IDTIPOVENTA`)
) ENGINE=InnoDB AUTO_INCREMENT=1001 DEFAULT CHARSET=utf8mb4 COLLATE=utf8mb4_0900_ai_ci;
/*!40101 SET character_set_client = @saved_cs_client */;

--
-- Dumping data for table `venta`
--

LOCK TABLES `venta` WRITE;
/*!40000 ALTER TABLE `venta` DISABLE KEYS */;
INSERT INTO `venta` VALUES (1,28,52,15,2,'2018-05-13 00:00:00'),(2,69,38,20,1,'2020-01-08 00:00:00'),(3,25,77,33,2,'2021-10-07 00:00:00'),(4,27,7,1,1,'2022-11-25 00:00:00'),(5,94,12,8,1,'2019-09-01 00:00:00'),(6,49,73,8,2,'2023-09-03 00:00:00'),(7,94,54,6,1,'2023-02-05 00:00:00'),(8,10,78,31,2,'2022-07-12 00:00:00'),(9,81,69,27,1,'2022-01-29 00:00:00'),(10,71,42,37,1,'2019-09-19 00:00:00'),(11,25,89,15,1,'2023-12-21 00:00:00'),(12,41,100,50,1,'2022-10-31 00:00:00'),(13,25,41,50,2,'2019-07-04 00:00:00'),(14,2,45,8,2,'2019-02-03 00:00:00'),(15,51,50,12,1,'2018-09-09 00:00:00'),(16,90,11,50,2,'2018-08-25 00:00:00'),(17,62,62,32,2,'2019-08-05 00:00:00'),(18,65,52,34,2,'2022-03-12 00:00:00'),(19,67,27,1,2,'2021-05-10 00:00:00'),(20,14,69,30,2,'2024-01-01 00:00:00'),(21,14,18,42,1,'2019-05-30 00:00:00'),(22,31,90,2,2,'2021-03-25 00:00:00'),(23,38,99,2,2,'2019-01-19 00:00:00'),(24,42,82,40,1,'2021-05-12 00:00:00'),(25,46,9,32,2,'2018-11-17 00:00:00'),(26,65,21,29,1,'2020-03-25 00:00:00'),(27,86,63,15,2,'2022-08-07 00:00:00'),(28,30,65,17,2,'2020-01-11 00:00:00'),(29,12,38,38,1,'2018-06-16 00:00:00'),(30,86,80,10,1,'2018-07-15 00:00:00'),(31,100,27,2,1,'2022-06-28 00:00:00'),(32,89,39,2,2,'2019-05-06 00:00:00'),(33,48,10,42,2,'2023-12-22 00:00:00'),(34,11,68,17,1,'2018-07-10 00:00:00'),(35,31,46,40,2,'2023-08-25 00:00:00'),(36,64,31,47,1,'2019-04-21 00:00:00'),(37,78,92,20,2,'2021-11-16 00:00:00'),(38,36,79,47,2,'2021-08-05 00:00:00'),(39,15,60,42,2,'2018-09-16 00:00:00'),(40,86,81,4,2,'2018-03-03 00:00:00'),(41,91,28,14,2,'2018-06-04 00:00:00'),(42,12,43,7,2,'2019-08-16 00:00:00'),(43,52,54,37,1,'2023-11-04 00:00:00'),(44,39,99,36,2,'2020-07-19 00:00:00'),(45,79,21,15,2,'2023-08-01 00:00:00'),(46,56,21,32,2,'2024-03-14 00:00:00'),(47,18,64,24,2,'2021-01-16 00:00:00'),(48,52,26,2,1,'2018-05-03 00:00:00'),(49,24,79,24,2,'2023-07-09 00:00:00'),(50,93,52,21,1,'2023-02-08 00:00:00'),(51,68,97,13,2,'2021-10-18 00:00:00'),(52,73,50,32,2,'2018-02-04 00:00:00'),(53,27,19,8,1,'2023-06-30 00:00:00'),(54,72,48,29,1,'2021-04-21 00:00:00'),(55,3,51,13,2,'2018-11-08 00:00:00'),(56,72,95,42,1,'2021-07-02 00:00:00'),(57,71,37,27,2,'2023-07-01 00:00:00'),(58,29,18,36,1,'2020-07-08 00:00:00'),(59,61,16,17,1,'2022-12-08 00:00:00'),(60,31,83,32,1,'2018-03-08 00:00:00'),(61,67,71,45,1,'2023-01-25 00:00:00'),(62,34,16,47,2,'2018-06-23 00:00:00'),(63,74,35,11,2,'2019-10-24 00:00:00'),(64,38,49,6,2,'2022-05-31 00:00:00'),(65,41,93,1,2,'2020-07-10 00:00:00'),(66,37,48,4,2,'2018-11-07 00:00:00'),(67,84,70,35,2,'2022-06-19 00:00:00'),(68,43,40,45,1,'2019-07-09 00:00:00'),(69,70,17,2,1,'2023-04-26 00:00:00'),(70,52,80,28,1,'2019-04-25 00:00:00'),(71,95,80,30,2,'2020-03-10 00:00:00'),(72,22,37,3,1,'2019-01-06 00:00:00'),(73,97,61,16,1,'2020-04-24 00:00:00'),(74,69,17,34,1,'2018-01-27 00:00:00'),(75,9,51,28,1,'2020-04-01 00:00:00'),(76,79,14,7,1,'2023-11-08 00:00:00'),(77,9,53,49,1,'2022-01-13 00:00:00'),(78,33,58,41,2,'2021-11-06 00:00:00'),(79,80,75,22,1,'2023-04-24 00:00:00'),(80,27,92,47,1,'2023-03-05 00:00:00'),(81,51,92,25,1,'2019-02-20 00:00:00'),(82,60,39,43,1,'2019-05-25 00:00:00'),(83,32,97,24,1,'2021-09-07 00:00:00'),(84,83,41,2,1,'2021-07-05 00:00:00'),(85,63,62,26,2,'2022-08-06 00:00:00'),(86,36,32,24,1,'2019-05-01 00:00:00'),(87,35,77,11,1,'2023-01-11 00:00:00'),(88,5,15,9,2,'2018-07-25 00:00:00'),(89,26,48,28,2,'2018-01-22 00:00:00'),(90,98,93,24,1,'2020-04-24 00:00:00'),(91,57,11,6,1,'2018-12-23 00:00:00'),(92,27,69,28,1,'2023-04-16 00:00:00'),(93,4,35,45,2,'2021-10-02 00:00:00'),(94,5,16,3,1,'2023-02-07 00:00:00'),(95,53,65,8,2,'2021-10-28 00:00:00'),(96,92,12,28,2,'2018-02-24 00:00:00'),(97,51,61,41,2,'2021-03-02 00:00:00'),(98,34,96,24,2,'2018-03-18 00:00:00'),(99,31,47,41,1,'2023-08-22 00:00:00'),(100,27,4,22,2,'2018-01-10 00:00:00'),(101,71,56,21,2,'2023-07-01 00:00:00'),(102,83,73,4,2,'2020-05-16 00:00:00'),(103,44,13,10,2,'2019-12-22 00:00:00'),(104,18,85,45,1,'2018-05-25 00:00:00'),(105,79,16,11,2,'2019-08-08 00:00:00'),(106,70,34,31,1,'2019-05-06 00:00:00'),(107,57,32,46,1,'2020-08-11 00:00:00'),(108,78,53,15,2,'2019-10-24 00:00:00'),(109,50,61,22,1,'2018-05-16 00:00:00'),(110,83,93,23,2,'2023-01-16 00:00:00'),(111,8,69,10,2,'2020-11-04 00:00:00'),(112,61,75,10,1,'2019-08-02 00:00:00'),(113,32,47,3,2,'2019-01-29 00:00:00'),(114,63,79,9,2,'2023-07-08 00:00:00'),(115,39,60,48,2,'2022-01-29 00:00:00'),(116,2,2,48,2,'2021-10-13 00:00:00'),(117,92,96,24,1,'2023-04-28 00:00:00'),(118,28,9,3,2,'2022-07-21 00:00:00'),(119,1,1,27,2,'2023-02-21 00:00:00'),(120,37,41,6,2,'2018-12-29 00:00:00'),(121,17,32,29,1,'2022-02-01 00:00:00'),(122,45,67,41,1,'2022-10-05 00:00:00'),(123,31,43,15,2,'2022-12-26 00:00:00'),(124,16,5,41,1,'2020-01-19 00:00:00'),(125,78,41,42,2,'2019-05-31 00:00:00'),(126,80,65,29,2,'2021-07-18 00:00:00'),(127,41,70,19,1,'2023-06-10 00:00:00'),(128,86,2,10,1,'2020-03-06 00:00:00'),(129,36,96,35,1,'2020-12-03 00:00:00'),(130,44,22,4,2,'2022-11-11 00:00:00'),(131,16,78,27,2,'2023-02-22 00:00:00'),(132,68,26,38,1,'2023-02-16 00:00:00'),(133,91,23,5,2,'2018-07-17 00:00:00'),(134,16,77,40,1,'2023-10-17 00:00:00'),(135,26,59,33,1,'2019-09-11 00:00:00'),(136,1,27,26,2,'2018-10-02 00:00:00'),(137,48,12,34,1,'2020-08-10 00:00:00'),(138,53,82,32,1,'2021-06-13 00:00:00'),(139,16,95,45,2,'2023-10-23 00:00:00'),(140,13,71,6,1,'2020-10-29 00:00:00'),(141,33,98,16,2,'2019-04-11 00:00:00'),(142,55,36,38,2,'2021-02-28 00:00:00'),(143,49,86,47,2,'2023-06-20 00:00:00'),(144,75,32,33,1,'2023-02-24 00:00:00'),(145,67,68,43,2,'2022-01-24 00:00:00'),(146,100,94,38,1,'2019-01-10 00:00:00'),(147,55,9,48,2,'2021-01-28 00:00:00'),(148,45,94,1,1,'2019-09-07 00:00:00'),(149,59,34,46,2,'2018-09-11 00:00:00'),(150,33,44,46,1,'2020-08-25 00:00:00'),(151,80,33,47,1,'2021-04-05 00:00:00'),(152,76,29,29,2,'2020-11-15 00:00:00'),(153,60,41,41,1,'2018-09-15 00:00:00'),(154,47,89,33,2,'2018-03-15 00:00:00'),(155,75,89,3,2,'2022-03-22 00:00:00'),(156,32,97,44,1,'2019-10-08 00:00:00'),(157,45,21,29,1,'2023-03-19 00:00:00'),(158,42,73,37,1,'2021-03-06 00:00:00'),(159,79,93,31,2,'2024-01-21 00:00:00'),(160,18,6,41,1,'2022-12-08 00:00:00'),(161,50,98,25,2,'2024-03-04 00:00:00'),(162,24,93,38,2,'2021-02-08 00:00:00'),(163,37,11,23,1,'2018-12-03 00:00:00'),(164,100,55,37,2,'2021-09-23 00:00:00'),(165,82,46,20,1,'2021-05-30 00:00:00'),(166,88,69,36,2,'2018-12-08 00:00:00'),(167,2,12,37,2,'2019-11-27 00:00:00'),(168,84,57,1,2,'2018-12-19 00:00:00'),(169,25,56,16,2,'2020-01-26 00:00:00'),(170,13,93,26,2,'2021-04-29 00:00:00'),(171,53,35,14,2,'2023-08-28 00:00:00'),(172,66,89,3,2,'2020-08-30 00:00:00'),(173,31,17,4,1,'2023-12-13 00:00:00'),(174,86,50,14,2,'2019-05-26 00:00:00'),(175,4,25,8,1,'2018-02-05 00:00:00'),(176,87,89,35,1,'2023-07-18 00:00:00'),(177,78,95,1,1,'2021-10-09 00:00:00'),(178,34,57,35,1,'2018-05-06 00:00:00'),(179,51,73,26,1,'2020-09-10 00:00:00'),(180,8,23,27,1,'2018-01-22 00:00:00'),(181,40,39,25,1,'2018-10-31 00:00:00'),(182,86,3,27,2,'2018-04-27 00:00:00'),(183,51,19,21,2,'2021-02-20 00:00:00'),(184,43,75,4,1,'2022-02-06 00:00:00'),(185,21,19,15,2,'2020-12-09 00:00:00'),(186,47,98,30,1,'2022-03-02 00:00:00'),(187,15,64,46,2,'2023-12-03 00:00:00'),(188,7,62,48,2,'2023-07-21 00:00:00'),(189,47,97,10,1,'2021-11-04 00:00:00'),(190,93,19,1,1,'2020-05-24 00:00:00'),(191,71,36,38,1,'2020-08-25 00:00:00'),(192,16,96,4,2,'2021-09-14 00:00:00'),(193,30,36,45,1,'2023-12-14 00:00:00'),(194,73,5,32,2,'2021-11-15 00:00:00'),(195,25,69,13,1,'2018-03-25 00:00:00'),(196,72,20,32,1,'2020-07-24 00:00:00'),(197,87,1,39,1,'2021-05-19 00:00:00'),(198,70,2,24,1,'2022-06-24 00:00:00'),(199,47,18,19,2,'2022-03-20 00:00:00'),(200,48,49,15,1,'2022-02-08 00:00:00'),(201,98,8,12,2,'2023-07-15 00:00:00'),(202,50,73,23,1,'2021-02-03 00:00:00'),(203,27,89,34,2,'2023-09-10 00:00:00'),(204,60,19,30,1,'2021-12-24 00:00:00'),(205,57,31,6,1,'2022-07-26 00:00:00'),(206,5,4,17,2,'2018-11-12 00:00:00'),(207,97,75,7,2,'2022-09-27 00:00:00'),(208,99,66,15,2,'2019-01-31 00:00:00'),(209,69,69,42,2,'2020-06-25 00:00:00'),(210,43,16,44,2,'2021-02-18 00:00:00'),(211,57,10,15,2,'2020-01-29 00:00:00'),(212,62,75,23,2,'2018-01-08 00:00:00'),(213,48,33,13,2,'2022-11-03 00:00:00'),(214,75,64,14,2,'2021-11-27 00:00:00'),(215,15,11,47,1,'2022-02-21 00:00:00'),(216,76,86,20,2,'2021-09-24 00:00:00'),(217,35,75,49,2,'2018-03-27 00:00:00'),(218,22,48,12,2,'2023-11-11 00:00:00'),(219,6,60,48,2,'2020-06-17 00:00:00'),(220,14,96,7,2,'2018-09-03 00:00:00'),(221,19,3,20,2,'2023-09-06 00:00:00'),(222,13,8,13,2,'2019-07-28 00:00:00'),(223,56,85,14,1,'2024-02-17 00:00:00'),(224,29,72,13,2,'2020-08-29 00:00:00'),(225,48,24,24,1,'2019-08-09 00:00:00'),(226,57,84,22,1,'2018-06-16 00:00:00'),(227,87,67,35,1,'2019-08-27 00:00:00'),(228,81,11,22,2,'2020-01-26 00:00:00'),(229,33,37,7,1,'2023-05-29 00:00:00'),(230,6,82,26,2,'2021-03-03 00:00:00'),(231,70,11,2,2,'2020-01-17 00:00:00'),(232,80,23,36,2,'2018-01-28 00:00:00'),(233,71,70,46,1,'2018-05-19 00:00:00'),(234,30,43,28,2,'2021-07-03 00:00:00'),(235,64,35,12,1,'2022-12-12 00:00:00'),(236,42,45,45,1,'2022-10-08 00:00:00'),(237,31,25,34,1,'2023-11-21 00:00:00'),(238,77,65,2,2,'2020-06-04 00:00:00'),(239,20,75,37,1,'2022-07-02 00:00:00'),(240,62,19,28,1,'2023-12-24 00:00:00'),(241,40,99,26,2,'2022-10-21 00:00:00'),(242,84,39,43,1,'2021-06-14 00:00:00'),(243,1,24,7,1,'2021-04-09 00:00:00'),(244,7,9,18,2,'2022-10-11 00:00:00'),(245,8,15,6,2,'2020-02-06 00:00:00'),(246,77,15,24,1,'2021-10-07 00:00:00'),(247,75,57,8,2,'2022-07-08 00:00:00'),(248,13,24,17,2,'2022-02-27 00:00:00'),(249,84,55,29,2,'2023-07-22 00:00:00'),(250,84,33,14,1,'2022-08-08 00:00:00'),(251,2,94,42,2,'2023-09-18 00:00:00'),(252,17,34,26,2,'2018-10-23 00:00:00'),(253,52,17,43,1,'2022-03-13 00:00:00'),(254,29,28,13,1,'2021-06-05 00:00:00'),(255,98,57,8,2,'2023-10-20 00:00:00'),(256,64,80,42,2,'2023-12-01 00:00:00'),(257,42,69,5,2,'2021-05-24 00:00:00'),(258,38,20,1,1,'2022-08-08 00:00:00'),(259,100,69,40,2,'2023-02-12 00:00:00'),(260,84,63,49,2,'2022-08-24 00:00:00'),(261,19,11,18,1,'2019-05-06 00:00:00'),(262,52,7,25,1,'2023-03-05 00:00:00'),(263,75,8,35,2,'2019-01-15 00:00:00'),(264,10,30,12,2,'2022-12-10 00:00:00'),(265,18,96,14,1,'2022-06-06 00:00:00'),(266,65,40,41,2,'2018-12-05 00:00:00'),(267,78,96,12,2,'2019-12-13 00:00:00'),(268,88,23,49,2,'2019-05-24 00:00:00'),(269,26,44,44,2,'2018-06-07 00:00:00'),(270,3,15,28,2,'2023-07-10 00:00:00'),(271,59,6,31,2,'2020-07-24 00:00:00'),(272,22,51,1,2,'2020-02-15 00:00:00'),(273,67,36,23,1,'2022-03-28 00:00:00'),(274,15,84,40,1,'2020-02-19 00:00:00'),(275,28,30,4,1,'2018-06-09 00:00:00'),(276,74,32,17,2,'2021-05-10 00:00:00'),(277,91,11,37,1,'2022-03-05 00:00:00'),(278,40,73,33,2,'2023-04-19 00:00:00'),(279,76,94,9,2,'2022-01-20 00:00:00'),(280,46,93,18,2,'2019-09-25 00:00:00'),(281,99,50,15,1,'2018-07-30 00:00:00'),(282,77,47,49,2,'2019-12-24 00:00:00'),(283,74,42,19,2,'2020-08-08 00:00:00'),(284,51,61,31,2,'2023-12-06 00:00:00'),(285,69,99,34,2,'2019-04-02 00:00:00'),(286,93,80,16,2,'2022-01-28 00:00:00'),(287,97,21,14,2,'2021-03-13 00:00:00'),(288,39,69,42,2,'2022-01-18 00:00:00'),(289,99,6,38,1,'2023-10-14 00:00:00'),(290,49,33,27,2,'2020-01-13 00:00:00'),(291,2,64,11,1,'2020-09-25 00:00:00'),(292,74,68,47,2,'2022-09-14 00:00:00'),(293,80,99,33,2,'2019-10-16 00:00:00'),(294,18,86,32,1,'2019-06-24 00:00:00'),(295,71,64,31,2,'2018-07-19 00:00:00'),(296,32,30,33,1,'2019-07-09 00:00:00'),(297,97,37,3,1,'2018-05-05 00:00:00'),(298,3,81,1,2,'2020-11-10 00:00:00'),(299,32,24,6,1,'2023-11-05 00:00:00'),(300,34,6,3,2,'2020-07-23 00:00:00'),(301,76,25,25,1,'2024-03-25 00:00:00'),(302,53,7,32,2,'2018-12-23 00:00:00'),(303,50,35,19,1,'2021-10-02 00:00:00'),(304,86,89,30,1,'2022-07-28 00:00:00'),(305,28,13,36,1,'2019-05-12 00:00:00'),(306,45,71,48,1,'2019-05-07 00:00:00'),(307,72,58,43,1,'2023-03-03 00:00:00'),(308,98,50,19,1,'2023-02-16 00:00:00'),(309,72,20,14,1,'2021-02-20 00:00:00'),(310,40,59,39,2,'2021-06-11 00:00:00'),(311,11,45,20,2,'2020-11-28 00:00:00'),(312,17,64,22,2,'2021-11-01 00:00:00'),(313,31,6,49,2,'2023-04-30 00:00:00'),(314,26,81,19,2,'2019-04-12 00:00:00'),(315,28,67,2,1,'2023-11-03 00:00:00'),(316,44,41,16,1,'2023-02-16 00:00:00'),(317,3,28,45,2,'2018-05-30 00:00:00'),(318,16,6,38,2,'2019-05-28 00:00:00'),(319,52,82,50,2,'2021-05-16 00:00:00'),(320,86,54,45,1,'2024-01-25 00:00:00'),(321,100,13,23,1,'2021-09-18 00:00:00'),(322,36,79,38,2,'2024-03-05 00:00:00'),(323,33,9,12,1,'2019-10-04 00:00:00'),(324,62,88,5,1,'2019-09-17 00:00:00'),(325,85,44,32,1,'2019-01-04 00:00:00'),(326,32,86,27,1,'2018-06-17 00:00:00'),(327,11,66,36,2,'2022-10-05 00:00:00'),(328,16,44,9,1,'2020-05-07 00:00:00'),(329,7,64,40,1,'2018-12-12 00:00:00'),(330,17,40,10,1,'2019-10-08 00:00:00'),(331,54,22,26,2,'2021-04-26 00:00:00'),(332,8,18,6,2,'2018-07-01 00:00:00'),(333,30,95,38,2,'2018-02-06 00:00:00'),(334,81,81,35,2,'2019-01-13 00:00:00'),(335,49,41,36,1,'2018-08-21 00:00:00'),(336,57,57,28,1,'2023-02-05 00:00:00'),(337,47,84,33,1,'2022-04-30 00:00:00'),(338,81,54,20,1,'2019-07-28 00:00:00'),(339,42,8,47,2,'2020-09-28 00:00:00'),(340,46,7,3,2,'2023-02-08 00:00:00'),(341,6,50,32,2,'2019-10-07 00:00:00'),(342,94,12,47,2,'2019-11-21 00:00:00'),(343,77,57,32,2,'2024-02-20 00:00:00'),(344,36,38,32,1,'2022-09-08 00:00:00'),(345,77,73,25,2,'2023-02-08 00:00:00'),(346,28,66,23,1,'2023-04-11 00:00:00'),(347,9,71,24,1,'2020-11-26 00:00:00'),(348,31,23,10,2,'2024-01-05 00:00:00'),(349,96,49,3,1,'2021-10-26 00:00:00'),(350,89,67,35,1,'2022-10-11 00:00:00'),(351,74,40,24,1,'2021-09-10 00:00:00'),(352,10,64,49,2,'2020-12-18 00:00:00'),(353,31,12,32,1,'2019-05-09 00:00:00'),(354,49,8,19,2,'2019-01-13 00:00:00'),(355,22,83,7,1,'2024-02-07 00:00:00'),(356,96,84,19,2,'2022-03-09 00:00:00'),(357,96,27,9,1,'2018-05-02 00:00:00'),(358,17,71,33,1,'2020-02-17 00:00:00'),(359,89,3,1,1,'2023-09-25 00:00:00'),(360,25,49,15,1,'2018-06-14 00:00:00'),(361,90,96,46,2,'2023-04-08 00:00:00'),(362,22,57,47,1,'2021-09-21 00:00:00'),(363,50,36,8,2,'2022-05-12 00:00:00'),(364,94,23,47,2,'2020-08-17 00:00:00'),(365,52,74,50,2,'2021-02-01 00:00:00'),(366,93,47,17,2,'2018-07-02 00:00:00'),(367,34,31,3,2,'2019-05-23 00:00:00'),(368,41,45,20,1,'2018-12-11 00:00:00'),(369,79,55,42,2,'2024-03-07 00:00:00'),(370,82,98,29,2,'2022-02-19 00:00:00'),(371,49,59,17,2,'2022-12-04 00:00:00'),(372,62,18,32,2,'2019-12-08 00:00:00'),(373,60,94,40,1,'2021-07-13 00:00:00'),(374,76,62,15,2,'2019-09-23 00:00:00'),(375,19,15,44,1,'2020-12-04 00:00:00'),(376,89,76,14,2,'2023-12-13 00:00:00'),(377,54,96,41,1,'2021-09-05 00:00:00'),(378,65,41,48,1,'2024-01-23 00:00:00'),(379,81,74,26,2,'2022-07-24 00:00:00'),(380,32,9,23,2,'2018-08-28 00:00:00'),(381,86,61,36,1,'2021-05-03 00:00:00'),(382,69,64,49,1,'2024-02-19 00:00:00'),(383,8,77,41,1,'2020-11-09 00:00:00'),(384,42,5,34,2,'2023-10-05 00:00:00'),(385,28,18,12,2,'2022-03-08 00:00:00'),(386,25,5,22,1,'2018-09-09 00:00:00'),(387,7,84,23,2,'2021-10-18 00:00:00'),(388,59,95,31,2,'2020-02-08 00:00:00'),(389,63,68,15,1,'2022-01-03 00:00:00'),(390,77,63,42,1,'2022-11-23 00:00:00'),(391,57,9,6,2,'2021-09-26 00:00:00'),(392,61,86,17,1,'2021-07-16 00:00:00'),(393,2,9,44,2,'2018-12-10 00:00:00'),(394,40,23,48,1,'2022-06-13 00:00:00'),(395,35,83,4,1,'2019-04-05 00:00:00'),(396,79,18,30,1,'2023-05-28 00:00:00'),(397,8,86,22,1,'2020-07-07 00:00:00'),(398,49,5,47,1,'2022-12-20 00:00:00'),(399,22,41,48,2,'2023-12-27 00:00:00'),(400,18,42,33,2,'2021-06-23 00:00:00'),(401,44,92,13,2,'2019-12-04 00:00:00'),(402,61,9,2,2,'2021-06-12 00:00:00'),(403,89,78,21,2,'2022-03-04 00:00:00'),(404,100,67,15,2,'2019-08-04 00:00:00'),(405,53,72,33,1,'2021-11-04 00:00:00'),(406,51,14,21,1,'2020-03-07 00:00:00'),(407,9,50,41,2,'2019-10-18 00:00:00'),(408,37,29,7,2,'2018-06-27 00:00:00'),(409,37,55,28,2,'2023-02-12 00:00:00'),(410,17,50,36,1,'2021-06-01 00:00:00'),(411,54,63,33,1,'2018-05-14 00:00:00'),(412,4,10,12,1,'2023-08-18 00:00:00'),(413,100,35,36,1,'2023-11-05 00:00:00'),(414,48,70,43,1,'2019-11-22 00:00:00'),(415,93,57,34,2,'2019-02-13 00:00:00'),(416,59,22,39,1,'2018-07-08 00:00:00'),(417,93,78,49,2,'2020-06-02 00:00:00'),(418,97,17,38,1,'2019-07-20 00:00:00'),(419,38,71,43,2,'2018-01-17 00:00:00'),(420,99,26,4,2,'2021-05-28 00:00:00'),(421,90,25,45,1,'2022-09-27 00:00:00'),(422,56,19,50,2,'2022-01-15 00:00:00'),(423,5,76,1,2,'2020-12-23 00:00:00'),(424,67,7,4,2,'2021-08-24 00:00:00'),(425,75,39,43,2,'2020-12-03 00:00:00'),(426,4,4,12,1,'2023-10-29 00:00:00'),(427,38,48,34,1,'2019-02-20 00:00:00'),(428,78,68,1,2,'2020-11-02 00:00:00'),(429,79,97,15,2,'2020-08-09 00:00:00'),(430,90,83,44,2,'2019-03-09 00:00:00'),(431,79,49,34,1,'2021-12-12 00:00:00'),(432,90,82,46,1,'2020-07-21 00:00:00'),(433,38,27,33,2,'2023-08-25 00:00:00'),(434,40,64,11,2,'2018-11-27 00:00:00'),(435,10,93,2,2,'2022-12-11 00:00:00'),(436,19,66,40,1,'2020-05-26 00:00:00'),(437,99,18,5,1,'2021-03-06 00:00:00'),(438,47,8,41,1,'2020-05-04 00:00:00'),(439,24,75,33,1,'2023-05-11 00:00:00'),(440,55,41,27,2,'2021-12-29 00:00:00'),(441,2,52,49,1,'2018-09-19 00:00:00'),(442,3,24,13,1,'2021-08-24 00:00:00'),(443,74,59,5,2,'2021-07-31 00:00:00'),(444,15,86,10,2,'2022-12-17 00:00:00'),(445,87,74,31,2,'2018-07-06 00:00:00'),(446,56,78,49,1,'2020-04-09 00:00:00'),(447,37,98,1,2,'2021-04-29 00:00:00'),(448,92,12,21,1,'2023-09-02 00:00:00'),(449,76,39,16,1,'2020-09-26 00:00:00'),(450,93,18,45,2,'2019-05-06 00:00:00'),(451,99,1,32,1,'2018-04-26 00:00:00'),(452,85,44,24,2,'2022-01-11 00:00:00'),(453,36,40,20,1,'2024-03-15 00:00:00'),(454,98,28,38,2,'2020-05-07 00:00:00'),(455,97,91,48,1,'2020-08-13 00:00:00'),(456,34,88,44,2,'2020-10-14 00:00:00'),(457,59,73,25,1,'2023-04-23 00:00:00'),(458,47,25,3,1,'2020-02-20 00:00:00'),(459,41,21,15,1,'2021-09-28 00:00:00'),(460,18,58,13,1,'2018-05-28 00:00:00'),(461,56,41,7,2,'2023-08-01 00:00:00'),(462,42,86,8,1,'2022-02-26 00:00:00'),(463,35,48,49,1,'2022-01-29 00:00:00'),(464,32,60,49,1,'2020-04-23 00:00:00'),(465,44,84,3,2,'2022-12-26 00:00:00'),(466,4,1,38,1,'2018-02-01 00:00:00'),(467,97,50,48,2,'2021-07-05 00:00:00'),(468,9,88,8,2,'2023-05-17 00:00:00'),(469,63,55,42,1,'2024-01-22 00:00:00'),(470,59,29,28,2,'2020-05-06 00:00:00'),(471,86,4,44,2,'2021-02-23 00:00:00'),(472,94,38,21,2,'2022-10-05 00:00:00'),(473,17,2,35,2,'2023-07-26 00:00:00'),(474,16,55,16,2,'2020-11-02 00:00:00'),(475,76,100,50,2,'2021-02-09 00:00:00'),(476,14,12,28,1,'2019-01-10 00:00:00'),(477,56,72,30,1,'2022-10-18 00:00:00'),(478,47,59,40,1,'2018-09-13 00:00:00'),(479,65,89,1,1,'2022-05-16 00:00:00'),(480,69,76,13,1,'2019-09-04 00:00:00'),(481,23,88,44,2,'2020-03-05 00:00:00'),(482,2,57,6,2,'2020-11-25 00:00:00'),(483,44,97,20,2,'2020-04-25 00:00:00'),(484,92,46,20,2,'2020-02-09 00:00:00'),(485,35,94,3,2,'2021-03-13 00:00:00'),(486,100,94,1,1,'2018-11-09 00:00:00'),(487,86,80,33,1,'2021-04-26 00:00:00'),(488,3,44,45,1,'2022-04-25 00:00:00'),(489,25,60,16,2,'2023-05-21 00:00:00'),(490,55,65,45,2,'2019-01-17 00:00:00'),(491,69,50,33,1,'2022-07-03 00:00:00'),(492,51,70,22,2,'2020-06-18 00:00:00'),(493,64,79,19,2,'2018-08-11 00:00:00'),(494,52,53,6,2,'2022-07-25 00:00:00'),(495,49,34,25,1,'2021-12-28 00:00:00'),(496,21,13,10,2,'2022-06-20 00:00:00'),(497,44,99,37,2,'2020-03-24 00:00:00'),(498,37,95,5,2,'2018-12-21 00:00:00'),(499,28,28,36,1,'2023-06-10 00:00:00'),(500,41,25,30,2,'2018-04-22 00:00:00'),(501,90,91,40,1,'2019-02-06 00:00:00'),(502,70,29,13,2,'2020-05-21 00:00:00'),(503,87,19,22,1,'2021-04-15 00:00:00'),(504,50,33,33,1,'2023-02-13 00:00:00'),(505,92,82,20,2,'2018-01-28 00:00:00'),(506,2,81,20,1,'2022-03-27 00:00:00'),(507,77,90,10,1,'2022-01-11 00:00:00'),(508,86,96,20,2,'2019-11-22 00:00:00'),(509,92,90,36,2,'2024-02-03 00:00:00'),(510,62,14,35,1,'2023-11-10 00:00:00'),(511,80,14,11,2,'2023-10-11 00:00:00'),(512,72,66,44,1,'2020-08-13 00:00:00'),(513,59,53,21,2,'2021-06-30 00:00:00'),(514,27,32,10,2,'2019-10-15 00:00:00'),(515,50,13,22,2,'2023-06-01 00:00:00'),(516,95,83,13,1,'2019-04-06 00:00:00'),(517,93,66,2,1,'2018-01-22 00:00:00'),(518,42,43,33,2,'2020-03-20 00:00:00'),(519,54,71,7,1,'2020-03-13 00:00:00'),(520,19,87,41,2,'2023-06-09 00:00:00'),(521,46,35,46,1,'2024-01-18 00:00:00'),(522,24,89,15,1,'2020-03-28 00:00:00'),(523,64,69,9,2,'2023-12-07 00:00:00'),(524,62,3,3,1,'2023-03-29 00:00:00'),(525,97,70,26,1,'2018-02-05 00:00:00'),(526,54,73,5,2,'2024-01-04 00:00:00'),(527,78,78,7,1,'2022-02-04 00:00:00'),(528,84,19,5,1,'2019-06-04 00:00:00'),(529,37,61,48,2,'2021-04-02 00:00:00'),(530,39,35,28,2,'2024-03-16 00:00:00'),(531,32,65,37,2,'2019-10-19 00:00:00'),(532,1,9,9,1,'2019-10-30 00:00:00'),(533,21,90,41,2,'2018-06-19 00:00:00'),(534,94,53,28,1,'2021-06-13 00:00:00'),(535,58,52,3,2,'2019-07-06 00:00:00'),(536,86,28,28,1,'2022-10-19 00:00:00'),(537,99,60,30,2,'2018-02-24 00:00:00'),(538,48,95,31,1,'2020-03-04 00:00:00'),(539,93,7,3,2,'2022-07-20 00:00:00'),(540,60,93,10,2,'2019-07-09 00:00:00'),(541,81,26,1,1,'2018-08-30 00:00:00'),(542,33,90,24,1,'2021-02-26 00:00:00'),(543,90,90,11,1,'2023-02-08 00:00:00'),(544,31,33,21,2,'2022-01-12 00:00:00'),(545,10,41,19,2,'2020-01-04 00:00:00'),(546,72,22,27,2,'2019-11-09 00:00:00'),(547,55,35,23,2,'2022-12-07 00:00:00'),(548,3,20,50,2,'2022-08-18 00:00:00'),(549,41,85,35,2,'2022-09-01 00:00:00'),(550,43,87,28,1,'2018-11-29 00:00:00'),(551,3,42,10,2,'2020-02-08 00:00:00'),(552,27,100,47,1,'2021-10-16 00:00:00'),(553,76,77,38,2,'2018-08-12 00:00:00'),(554,96,2,42,2,'2019-10-08 00:00:00'),(555,35,44,25,2,'2019-04-09 00:00:00'),(556,80,73,18,1,'2018-11-30 00:00:00'),(557,21,28,29,2,'2018-01-25 00:00:00'),(558,43,20,32,1,'2018-10-14 00:00:00'),(559,85,72,45,2,'2020-10-15 00:00:00'),(560,39,86,36,2,'2020-12-06 00:00:00'),(561,39,15,40,1,'2022-03-24 00:00:00'),(562,58,31,5,2,'2020-03-21 00:00:00'),(563,22,6,39,2,'2018-04-11 00:00:00'),(564,22,85,50,2,'2022-07-05 00:00:00'),(565,62,54,33,1,'2018-01-06 00:00:00'),(566,57,97,2,1,'2021-08-29 00:00:00'),(567,51,90,30,2,'2020-02-24 00:00:00'),(568,14,3,16,2,'2018-06-12 00:00:00'),(569,33,74,39,1,'2024-01-02 00:00:00'),(570,75,12,43,2,'2019-05-21 00:00:00'),(571,93,62,37,1,'2020-05-19 00:00:00'),(572,52,19,43,2,'2020-09-16 00:00:00'),(573,34,89,38,1,'2018-12-23 00:00:00'),(574,41,58,18,1,'2022-06-08 00:00:00'),(575,42,60,49,1,'2020-05-10 00:00:00'),(576,37,40,27,1,'2023-11-14 00:00:00'),(577,68,32,44,2,'2022-01-17 00:00:00'),(578,69,5,36,1,'2021-02-25 00:00:00'),(579,8,71,22,2,'2024-03-03 00:00:00'),(580,19,68,4,2,'2023-01-11 00:00:00'),(581,99,94,39,2,'2021-07-11 00:00:00'),(582,44,14,49,2,'2022-08-01 00:00:00'),(583,57,61,33,1,'2023-03-24 00:00:00'),(584,88,51,33,2,'2020-08-10 00:00:00'),(585,43,8,23,1,'2023-09-21 00:00:00'),(586,26,84,10,2,'2019-06-12 00:00:00'),(587,73,61,36,1,'2021-07-20 00:00:00'),(588,62,4,18,2,'2023-03-03 00:00:00'),(589,10,43,46,1,'2019-06-03 00:00:00'),(590,95,37,8,1,'2021-04-28 00:00:00'),(591,52,2,1,1,'2018-07-14 00:00:00'),(592,45,38,30,2,'2019-01-26 00:00:00'),(593,14,25,11,2,'2023-12-31 00:00:00'),(594,50,2,20,1,'2020-07-01 00:00:00'),(595,28,82,22,2,'2023-03-31 00:00:00'),(596,10,57,30,2,'2022-11-23 00:00:00'),(597,49,89,3,1,'2018-11-09 00:00:00'),(598,13,63,49,1,'2021-09-02 00:00:00'),(599,23,24,19,1,'2020-01-01 00:00:00'),(600,82,34,50,1,'2019-04-09 00:00:00'),(601,56,57,37,1,'2018-05-22 00:00:00'),(602,94,27,4,2,'2019-07-21 00:00:00'),(603,1,48,38,1,'2020-12-24 00:00:00'),(604,38,92,32,2,'2023-01-05 00:00:00'),(605,15,46,23,2,'2020-09-15 00:00:00'),(606,70,50,6,2,'2023-03-29 00:00:00'),(607,10,86,33,1,'2018-06-22 00:00:00'),(608,7,3,36,2,'2019-05-06 00:00:00'),(609,5,59,36,2,'2020-01-24 00:00:00'),(610,13,79,23,1,'2019-08-13 00:00:00'),(611,15,14,26,2,'2019-09-11 00:00:00'),(612,28,62,29,1,'2019-01-24 00:00:00'),(613,81,86,14,1,'2018-02-22 00:00:00'),(614,23,71,50,1,'2020-08-12 00:00:00'),(615,96,73,4,1,'2019-12-10 00:00:00'),(616,33,38,27,1,'2022-02-27 00:00:00'),(617,42,23,10,1,'2019-03-22 00:00:00'),(618,5,19,33,1,'2021-02-05 00:00:00'),(619,39,49,5,1,'2024-01-23 00:00:00'),(620,23,69,12,1,'2022-02-28 00:00:00'),(621,66,45,34,2,'2022-06-03 00:00:00'),(622,95,88,6,2,'2022-03-07 00:00:00'),(623,44,64,33,1,'2018-11-12 00:00:00'),(624,99,73,30,1,'2023-02-08 00:00:00'),(625,12,64,8,2,'2021-02-06 00:00:00'),(626,60,66,45,2,'2019-04-03 00:00:00'),(627,86,29,35,2,'2019-09-30 00:00:00'),(628,52,23,11,1,'2022-07-15 00:00:00'),(629,31,59,48,2,'2019-05-30 00:00:00'),(630,66,9,3,2,'2019-11-21 00:00:00'),(631,22,78,39,1,'2021-06-12 00:00:00'),(632,49,52,28,1,'2022-07-29 00:00:00'),(633,89,84,18,1,'2023-09-02 00:00:00'),(634,12,37,26,1,'2020-03-17 00:00:00'),(635,48,81,5,2,'2023-08-10 00:00:00'),(636,1,36,46,2,'2019-11-10 00:00:00'),(637,67,3,11,1,'2021-04-22 00:00:00'),(638,43,22,10,2,'2020-01-14 00:00:00'),(639,31,37,49,1,'2022-12-21 00:00:00'),(640,48,49,34,1,'2022-03-11 00:00:00'),(641,47,22,17,2,'2023-03-23 00:00:00'),(642,45,95,12,2,'2020-03-03 00:00:00'),(643,47,27,40,2,'2024-01-03 00:00:00'),(644,8,68,33,1,'2018-12-06 00:00:00'),(645,21,85,45,2,'2019-12-13 00:00:00'),(646,39,66,50,2,'2020-12-24 00:00:00'),(647,68,49,9,2,'2021-12-27 00:00:00'),(648,89,4,25,1,'2023-09-20 00:00:00'),(649,62,69,40,2,'2020-11-28 00:00:00'),(650,44,8,15,2,'2020-05-20 00:00:00'),(651,83,53,27,2,'2022-03-25 00:00:00'),(652,56,43,45,2,'2021-04-09 00:00:00'),(653,77,80,44,1,'2021-03-05 00:00:00'),(654,79,39,12,1,'2019-07-05 00:00:00'),(655,93,64,31,1,'2019-08-29 00:00:00'),(656,77,61,43,2,'2020-12-31 00:00:00'),(657,39,57,4,1,'2023-11-18 00:00:00'),(658,46,99,43,1,'2021-05-16 00:00:00'),(659,24,66,19,1,'2018-06-13 00:00:00'),(660,51,57,25,1,'2019-09-13 00:00:00'),(661,43,29,40,1,'2023-04-06 00:00:00'),(662,45,54,47,2,'2020-07-28 00:00:00'),(663,5,45,17,1,'2023-04-13 00:00:00'),(664,49,70,47,1,'2023-07-04 00:00:00'),(665,61,51,28,1,'2020-11-03 00:00:00'),(666,73,13,7,1,'2021-12-15 00:00:00'),(667,78,69,31,2,'2018-09-18 00:00:00'),(668,10,47,13,1,'2023-04-16 00:00:00'),(669,17,35,14,2,'2018-08-31 00:00:00'),(670,62,20,33,2,'2022-05-21 00:00:00'),(671,82,1,47,1,'2021-06-08 00:00:00'),(672,9,78,28,2,'2023-05-31 00:00:00'),(673,2,90,35,1,'2021-01-07 00:00:00'),(674,57,73,30,2,'2022-12-26 00:00:00'),(675,69,31,40,2,'2018-11-13 00:00:00'),(676,4,61,3,2,'2023-06-06 00:00:00'),(677,74,64,3,1,'2021-02-03 00:00:00'),(678,63,5,3,2,'2020-11-18 00:00:00'),(679,56,59,29,2,'2023-06-13 00:00:00'),(680,75,1,32,2,'2020-02-03 00:00:00'),(681,59,9,11,2,'2023-05-05 00:00:00'),(682,28,34,17,2,'2024-02-26 00:00:00'),(683,90,12,10,2,'2022-02-12 00:00:00'),(684,1,39,27,1,'2022-09-20 00:00:00'),(685,57,48,31,2,'2019-10-04 00:00:00'),(686,33,14,44,2,'2019-06-29 00:00:00'),(687,94,98,46,2,'2022-10-21 00:00:00'),(688,91,9,26,2,'2018-04-06 00:00:00'),(689,54,74,40,1,'2019-01-10 00:00:00'),(690,48,99,50,1,'2022-09-23 00:00:00'),(691,66,28,12,1,'2018-06-27 00:00:00'),(692,66,45,43,2,'2023-04-08 00:00:00'),(693,2,7,26,1,'2021-10-13 00:00:00'),(694,97,82,26,1,'2020-06-25 00:00:00'),(695,100,4,11,1,'2020-03-11 00:00:00'),(696,78,26,48,2,'2020-05-19 00:00:00'),(697,43,71,3,2,'2021-11-28 00:00:00'),(698,83,47,10,2,'2021-10-28 00:00:00'),(699,40,52,45,1,'2023-05-27 00:00:00'),(700,91,32,13,1,'2018-01-18 00:00:00'),(701,46,71,33,2,'2023-07-08 00:00:00'),(702,76,13,19,1,'2022-07-15 00:00:00'),(703,8,32,15,2,'2020-06-02 00:00:00'),(704,45,13,33,1,'2022-10-23 00:00:00'),(705,73,98,17,1,'2023-08-24 00:00:00'),(706,70,17,40,2,'2021-07-23 00:00:00'),(707,38,46,28,1,'2018-12-08 00:00:00'),(708,11,72,28,2,'2023-10-22 00:00:00'),(709,65,16,27,2,'2023-01-09 00:00:00'),(710,46,99,47,1,'2021-09-08 00:00:00'),(711,39,25,10,2,'2020-06-01 00:00:00'),(712,91,7,15,2,'2018-12-08 00:00:00'),(713,19,98,24,2,'2021-12-10 00:00:00'),(714,90,72,22,2,'2020-03-09 00:00:00'),(715,43,100,46,1,'2018-07-23 00:00:00'),(716,20,61,49,2,'2018-10-10 00:00:00'),(717,87,64,35,2,'2022-05-23 00:00:00'),(718,73,56,3,1,'2019-05-31 00:00:00'),(719,95,8,11,1,'2019-07-03 00:00:00'),(720,62,77,6,1,'2021-11-05 00:00:00'),(721,45,56,4,2,'2023-09-26 00:00:00'),(722,93,36,44,1,'2021-12-17 00:00:00'),(723,44,58,10,1,'2020-02-07 00:00:00'),(724,99,92,50,2,'2021-01-28 00:00:00'),(725,93,1,33,2,'2020-06-08 00:00:00'),(726,11,90,26,2,'2020-05-03 00:00:00'),(727,60,89,30,1,'2021-01-30 00:00:00'),(728,38,38,30,2,'2023-03-01 00:00:00'),(729,48,48,6,1,'2018-09-22 00:00:00'),(730,44,54,15,1,'2019-12-18 00:00:00'),(731,97,10,42,1,'2018-04-13 00:00:00'),(732,55,5,38,1,'2022-11-24 00:00:00'),(733,10,50,10,2,'2023-12-20 00:00:00'),(734,88,88,36,2,'2023-07-02 00:00:00'),(735,81,77,5,1,'2019-05-22 00:00:00'),(736,81,28,11,2,'2019-03-20 00:00:00'),(737,74,21,21,1,'2018-03-02 00:00:00'),(738,96,95,36,1,'2023-01-13 00:00:00'),(739,6,60,33,2,'2020-09-27 00:00:00'),(740,48,31,49,2,'2022-05-10 00:00:00'),(741,43,32,28,1,'2022-08-27 00:00:00'),(742,23,57,2,2,'2021-07-22 00:00:00'),(743,5,54,35,2,'2018-01-18 00:00:00'),(744,42,68,28,1,'2019-09-26 00:00:00'),(745,32,59,35,2,'2020-11-21 00:00:00'),(746,50,20,1,2,'2018-03-21 00:00:00'),(747,80,94,15,2,'2024-03-30 00:00:00'),(748,84,47,32,2,'2023-01-12 00:00:00'),(749,82,54,34,2,'2018-11-09 00:00:00'),(750,52,50,47,2,'2022-04-20 00:00:00'),(751,63,70,4,1,'2018-03-04 00:00:00'),(752,69,99,17,1,'2019-06-18 00:00:00'),(753,46,35,8,1,'2020-12-17 00:00:00'),(754,14,76,11,1,'2022-08-16 00:00:00'),(755,20,10,34,2,'2019-12-18 00:00:00'),(756,19,74,1,1,'2023-12-04 00:00:00'),(757,60,37,12,1,'2019-10-07 00:00:00'),(758,9,39,9,2,'2024-03-08 00:00:00'),(759,100,69,38,2,'2021-02-19 00:00:00'),(760,82,39,7,2,'2019-12-02 00:00:00'),(761,84,67,5,2,'2023-07-05 00:00:00'),(762,36,49,23,2,'2018-03-20 00:00:00'),(763,95,42,8,1,'2020-12-26 00:00:00'),(764,14,67,49,1,'2018-05-18 00:00:00'),(765,38,92,42,1,'2024-02-18 00:00:00'),(766,90,78,42,1,'2019-05-29 00:00:00'),(767,95,38,47,1,'2022-07-04 00:00:00'),(768,49,64,14,1,'2024-03-23 00:00:00'),(769,94,91,19,1,'2021-01-15 00:00:00'),(770,30,42,20,2,'2022-10-06 00:00:00'),(771,98,36,44,1,'2023-11-25 00:00:00'),(772,69,78,12,2,'2020-09-30 00:00:00'),(773,43,98,43,1,'2022-05-13 00:00:00'),(774,30,26,28,1,'2020-08-24 00:00:00'),(775,59,70,9,1,'2018-02-10 00:00:00'),(776,72,62,26,1,'2019-07-26 00:00:00'),(777,10,39,6,2,'2022-09-27 00:00:00'),(778,51,38,38,2,'2018-12-24 00:00:00'),(779,11,50,26,2,'2019-01-04 00:00:00'),(780,71,35,50,2,'2018-11-12 00:00:00'),(781,3,13,38,1,'2018-06-08 00:00:00'),(782,99,39,42,1,'2020-12-23 00:00:00'),(783,15,80,20,1,'2023-09-23 00:00:00'),(784,64,31,4,2,'2018-04-24 00:00:00'),(785,25,54,20,1,'2023-03-07 00:00:00'),(786,59,73,49,2,'2018-01-23 00:00:00'),(787,10,21,9,1,'2019-02-01 00:00:00'),(788,5,26,45,1,'2020-12-12 00:00:00'),(789,46,74,46,1,'2023-12-14 00:00:00'),(790,10,23,47,2,'2023-12-19 00:00:00'),(791,78,63,30,2,'2022-09-16 00:00:00'),(792,12,8,23,1,'2018-01-18 00:00:00'),(793,71,54,3,1,'2024-02-14 00:00:00'),(794,57,52,16,1,'2019-11-17 00:00:00'),(795,12,37,5,2,'2021-08-18 00:00:00'),(796,40,67,40,1,'2023-09-16 00:00:00'),(797,8,30,48,1,'2020-03-18 00:00:00'),(798,68,64,44,2,'2018-09-20 00:00:00'),(799,21,12,28,2,'2022-09-12 00:00:00'),(800,55,44,6,1,'2024-02-14 00:00:00'),(801,99,52,48,2,'2019-04-06 00:00:00'),(802,72,68,18,2,'2020-04-28 00:00:00'),(803,69,56,4,2,'2023-01-23 00:00:00'),(804,63,68,14,1,'2020-02-24 00:00:00'),(805,26,88,35,1,'2021-12-02 00:00:00'),(806,49,89,12,1,'2021-11-12 00:00:00'),(807,20,59,24,1,'2023-11-17 00:00:00'),(808,6,82,37,1,'2022-01-20 00:00:00'),(809,33,16,6,1,'2018-03-23 00:00:00'),(810,33,38,11,1,'2022-08-08 00:00:00'),(811,87,97,45,1,'2018-12-27 00:00:00'),(812,31,21,12,1,'2023-01-24 00:00:00'),(813,26,63,10,2,'2023-02-13 00:00:00'),(814,62,42,46,1,'2020-06-28 00:00:00'),(815,69,35,33,1,'2019-09-26 00:00:00'),(816,44,86,25,1,'2020-10-28 00:00:00'),(817,9,34,21,1,'2021-07-14 00:00:00'),(818,58,16,44,2,'2021-12-13 00:00:00'),(819,38,70,40,1,'2019-04-05 00:00:00'),(820,9,36,41,2,'2019-10-14 00:00:00'),(821,14,89,36,1,'2019-07-09 00:00:00'),(822,32,28,29,2,'2020-05-25 00:00:00'),(823,9,8,18,1,'2019-06-30 00:00:00'),(824,41,76,50,2,'2023-01-25 00:00:00'),(825,91,34,35,1,'2018-01-08 00:00:00'),(826,96,26,9,1,'2021-09-04 00:00:00'),(827,90,58,38,1,'2022-01-16 00:00:00'),(828,13,22,31,1,'2023-08-27 00:00:00'),(829,56,26,18,2,'2023-05-26 00:00:00'),(830,27,35,10,2,'2023-04-02 00:00:00'),(831,87,58,3,2,'2021-07-11 00:00:00'),(832,39,50,34,1,'2018-06-15 00:00:00'),(833,34,90,10,2,'2023-11-29 00:00:00'),(834,42,22,32,2,'2019-07-01 00:00:00'),(835,69,42,49,2,'2019-03-09 00:00:00'),(836,49,47,47,1,'2018-08-13 00:00:00'),(837,59,6,1,2,'2023-04-07 00:00:00'),(838,6,90,9,2,'2019-02-07 00:00:00'),(839,29,58,12,2,'2023-09-24 00:00:00'),(840,86,14,35,2,'2024-02-10 00:00:00'),(841,12,18,33,2,'2022-03-27 00:00:00'),(842,47,46,20,1,'2021-12-02 00:00:00'),(843,24,34,36,2,'2021-08-01 00:00:00'),(844,17,80,15,1,'2021-07-02 00:00:00'),(845,76,19,9,1,'2022-08-18 00:00:00'),(846,24,49,38,2,'2019-01-10 00:00:00'),(847,64,42,16,1,'2023-05-24 00:00:00'),(848,66,100,31,1,'2019-12-17 00:00:00'),(849,57,67,24,2,'2021-12-14 00:00:00'),(850,87,98,19,2,'2021-11-13 00:00:00'),(851,76,17,7,1,'2018-05-17 00:00:00'),(852,96,8,30,1,'2024-03-03 00:00:00'),(853,7,45,38,2,'2019-01-04 00:00:00'),(854,74,40,3,2,'2022-04-02 00:00:00'),(855,89,63,33,1,'2021-01-23 00:00:00'),(856,86,30,3,1,'2018-03-20 00:00:00'),(857,74,76,19,2,'2023-03-16 00:00:00'),(858,56,16,50,1,'2022-09-01 00:00:00'),(859,55,11,37,2,'2019-10-02 00:00:00'),(860,1,64,1,2,'2022-06-19 00:00:00'),(861,54,1,38,2,'2020-04-06 00:00:00'),(862,70,70,5,2,'2022-10-14 00:00:00'),(863,2,53,27,1,'2018-04-26 00:00:00'),(864,68,24,11,2,'2024-01-27 00:00:00'),(865,61,60,14,1,'2018-11-14 00:00:00'),(866,47,76,1,2,'2021-07-22 00:00:00'),(867,13,48,19,2,'2024-01-18 00:00:00'),(868,87,60,46,2,'2021-10-27 00:00:00'),(869,74,2,18,2,'2018-05-11 00:00:00'),(870,55,59,27,1,'2022-09-19 00:00:00'),(871,74,22,25,1,'2019-02-06 00:00:00'),(872,5,35,14,2,'2022-02-18 00:00:00'),(873,27,54,40,1,'2019-05-18 00:00:00'),(874,62,84,20,1,'2020-06-11 00:00:00'),(875,1,62,7,1,'2018-09-14 00:00:00'),(876,91,4,2,2,'2023-12-17 00:00:00'),(877,78,44,14,1,'2022-05-11 00:00:00'),(878,83,88,15,2,'2018-05-18 00:00:00'),(879,72,2,15,2,'2022-01-08 00:00:00'),(880,44,74,28,1,'2020-01-14 00:00:00'),(881,89,93,15,1,'2021-04-01 00:00:00'),(882,87,26,39,1,'2023-07-08 00:00:00'),(883,4,23,45,2,'2019-10-03 00:00:00'),(884,41,64,19,1,'2022-06-26 00:00:00'),(885,54,13,20,1,'2022-02-02 00:00:00'),(886,27,76,23,2,'2021-05-14 00:00:00'),(887,28,52,3,2,'2021-02-14 00:00:00'),(888,28,6,42,1,'2022-08-29 00:00:00'),(889,77,7,19,1,'2022-08-09 00:00:00'),(890,32,39,8,2,'2022-03-31 00:00:00'),(891,8,79,50,2,'2020-12-24 00:00:00'),(892,74,16,23,1,'2021-11-26 00:00:00'),(893,3,87,24,1,'2023-06-10 00:00:00'),(894,35,70,30,1,'2020-05-29 00:00:00'),(895,85,51,26,2,'2019-03-28 00:00:00'),(896,48,10,11,2,'2023-03-30 00:00:00'),(897,94,88,27,1,'2018-11-05 00:00:00'),(898,21,14,33,1,'2023-11-15 00:00:00'),(899,99,33,22,2,'2021-01-01 00:00:00'),(900,31,49,23,1,'2018-11-30 00:00:00'),(901,71,29,9,2,'2023-12-03 00:00:00'),(902,25,56,25,1,'2022-10-31 00:00:00'),(903,61,4,20,2,'2021-04-06 00:00:00'),(904,87,7,48,2,'2020-12-13 00:00:00'),(905,41,42,28,2,'2020-11-13 00:00:00'),(906,25,100,44,1,'2020-07-01 00:00:00'),(907,71,59,27,1,'2021-11-21 00:00:00'),(908,23,12,18,2,'2022-07-29 00:00:00'),(909,68,56,46,1,'2018-04-23 00:00:00'),(910,39,81,33,2,'2024-03-02 00:00:00'),(911,68,23,35,2,'2018-01-27 00:00:00'),(912,19,62,23,2,'2018-05-17 00:00:00'),(913,61,1,35,2,'2018-01-27 00:00:00'),(914,20,12,27,1,'2022-11-30 00:00:00'),(915,45,41,4,2,'2022-06-15 00:00:00'),(916,40,13,41,1,'2020-12-29 00:00:00'),(917,29,89,43,1,'2019-03-21 00:00:00'),(918,11,67,3,1,'2020-05-08 00:00:00'),(919,46,87,26,1,'2018-05-13 00:00:00'),(920,61,71,49,1,'2019-06-14 00:00:00'),(921,44,26,6,2,'2019-04-16 00:00:00'),(922,57,23,35,2,'2019-08-12 00:00:00'),(923,26,13,31,2,'2021-01-07 00:00:00'),(924,61,85,34,2,'2020-08-21 00:00:00'),(925,5,46,35,1,'2023-04-01 00:00:00'),(926,79,98,21,1,'2022-04-29 00:00:00'),(927,40,23,28,2,'2023-12-26 00:00:00'),(928,13,91,40,1,'2022-07-29 00:00:00'),(929,46,68,16,2,'2020-03-29 00:00:00'),(930,22,59,31,1,'2022-10-30 00:00:00'),(931,96,36,19,2,'2019-01-12 00:00:00'),(932,85,46,31,2,'2023-09-14 00:00:00'),(933,53,55,37,1,'2021-10-31 00:00:00'),(934,47,72,13,2,'2022-06-11 00:00:00'),(935,28,47,41,1,'2019-12-05 00:00:00'),(936,58,48,22,2,'2021-06-30 00:00:00'),(937,62,17,40,2,'2023-01-22 00:00:00'),(938,72,9,46,1,'2023-05-20 00:00:00'),(939,13,31,45,1,'2018-06-22 00:00:00'),(940,76,59,27,2,'2022-05-14 00:00:00'),(941,91,86,25,1,'2018-04-11 00:00:00'),(942,23,42,50,2,'2023-03-01 00:00:00'),(943,70,14,43,2,'2020-02-08 00:00:00'),(944,41,10,33,2,'2021-02-04 00:00:00'),(945,53,54,45,1,'2019-12-02 00:00:00'),(946,15,60,17,1,'2020-01-03 00:00:00'),(947,12,61,31,2,'2021-11-05 00:00:00'),(948,79,75,24,2,'2023-11-20 00:00:00'),(949,62,13,25,2,'2018-05-27 00:00:00'),(950,50,57,14,1,'2023-03-14 00:00:00'),(951,52,62,34,1,'2023-03-17 00:00:00'),(952,83,39,21,2,'2022-11-11 00:00:00'),(953,22,27,5,1,'2018-08-13 00:00:00'),(954,93,16,49,1,'2018-08-07 00:00:00'),(955,36,90,28,2,'2022-01-30 00:00:00'),(956,94,23,25,1,'2020-05-25 00:00:00'),(957,6,45,29,2,'2020-03-30 00:00:00'),(958,79,11,10,2,'2019-04-21 00:00:00'),(959,67,28,11,2,'2024-01-21 00:00:00'),(960,30,65,27,1,'2018-02-20 00:00:00'),(961,92,30,38,2,'2023-10-18 00:00:00'),(962,33,36,3,1,'2023-10-08 00:00:00'),(963,97,18,11,1,'2019-12-25 00:00:00'),(964,95,29,3,2,'2023-09-29 00:00:00'),(965,26,11,33,1,'2019-11-15 00:00:00'),(966,13,21,46,1,'2018-07-27 00:00:00'),(967,21,52,27,2,'2023-05-20 00:00:00'),(968,49,47,9,1,'2021-11-21 00:00:00'),(969,71,49,37,1,'2023-03-06 00:00:00'),(970,94,23,14,1,'2021-07-31 00:00:00'),(971,37,29,12,1,'2018-12-07 00:00:00'),(972,71,16,50,1,'2023-06-18 00:00:00'),(973,6,59,35,1,'2022-01-19 00:00:00'),(974,78,85,10,1,'2023-02-05 00:00:00'),(975,41,17,36,2,'2019-12-24 00:00:00'),(976,5,72,21,2,'2019-04-10 00:00:00'),(977,84,81,23,1,'2022-11-08 00:00:00'),(978,84,97,5,1,'2019-06-17 00:00:00'),(979,83,18,42,1,'2018-01-20 00:00:00'),(980,30,73,7,2,'2023-04-02 00:00:00'),(981,66,2,48,1,'2020-08-22 00:00:00'),(982,2,43,28,1,'2021-12-08 00:00:00'),(983,80,73,26,2,'2020-06-03 00:00:00'),(984,32,98,13,1,'2019-02-21 00:00:00'),(985,58,100,23,2,'2020-02-16 00:00:00'),(986,36,73,13,2,'2020-11-13 00:00:00'),(987,11,84,15,1,'2021-07-24 00:00:00'),(988,97,1,39,2,'2018-12-22 00:00:00'),(989,97,94,1,1,'2019-04-12 00:00:00'),(990,52,65,19,1,'2022-12-29 00:00:00'),(991,23,10,6,2,'2018-07-16 00:00:00'),(992,1,41,21,2,'2021-10-17 00:00:00'),(993,27,24,35,2,'2023-02-26 00:00:00'),(994,44,15,8,1,'2019-08-28 00:00:00'),(995,88,38,43,2,'2023-05-19 00:00:00'),(996,54,87,16,2,'2019-08-12 00:00:00'),(997,25,41,47,2,'2022-06-25 00:00:00'),(998,93,70,5,2,'2023-01-14 00:00:00'),(999,2,18,35,2,'2020-01-24 00:00:00'),(1000,35,68,34,1,'2018-10-14 00:00:00');
/*!40000 ALTER TABLE `venta` ENABLE KEYS */;
UNLOCK TABLES;

--
-- Temporary view structure for view `ventasporfecha`
--

DROP TABLE IF EXISTS `ventasporfecha`;
/*!50001 DROP VIEW IF EXISTS `ventasporfecha`*/;
SET @saved_cs_client     = @@character_set_client;
/*!50503 SET character_set_client = utf8mb4 */;
/*!50001 CREATE VIEW `ventasporfecha` AS SELECT 
 1 AS `Fecha`,
 1 AS `TotalVentas`*/;
SET character_set_client = @saved_cs_client;

--
-- Temporary view structure for view `ventasporlibro`
--

DROP TABLE IF EXISTS `ventasporlibro`;
/*!50001 DROP VIEW IF EXISTS `ventasporlibro`*/;
SET @saved_cs_client     = @@character_set_client;
/*!50503 SET character_set_client = utf8mb4 */;
/*!50001 CREATE VIEW `ventasporlibro` AS SELECT 
 1 AS `IDLIBRO`,
 1 AS `DISPONIBLE`,
 1 AS `TotalVentas`*/;
SET character_set_client = @saved_cs_client;

--
-- Temporary view structure for view `ventasportipo`
--

DROP TABLE IF EXISTS `ventasportipo`;
/*!50001 DROP VIEW IF EXISTS `ventasportipo`*/;
SET @saved_cs_client     = @@character_set_client;
/*!50503 SET character_set_client = utf8mb4 */;
/*!50001 CREATE VIEW `ventasportipo` AS SELECT 
 1 AS `IDTIPOVENTA`,
 1 AS `TotalVentas`*/;
SET character_set_client = @saved_cs_client;

--
-- Final view structure for view `detalleventas`
--

/*!50001 DROP VIEW IF EXISTS `detalleventas`*/;
/*!50001 SET @saved_cs_client          = @@character_set_client */;
/*!50001 SET @saved_cs_results         = @@character_set_results */;
/*!50001 SET @saved_col_connection     = @@collation_connection */;
/*!50001 SET character_set_client      = utf8mb4 */;
/*!50001 SET character_set_results     = utf8mb4 */;
/*!50001 SET collation_connection      = utf8mb4_0900_ai_ci */;
/*!50001 CREATE ALGORITHM=UNDEFINED */
/*!50013 DEFINER=`root`@`localhost` SQL SECURITY DEFINER */
/*!50001 VIEW `detalleventas` AS select `detalle_venta`.`CANTIDAD` AS `CANTIDAD`,`detalle_venta`.`PRECIO_TOTAL` AS `PRECIO_TOTAL`,`detalle_venta`.`IDVENTA` AS `IDVENTA`,`detalle_venta`.`IDLIBRO` AS `IDLIBRO` from `detalle_venta` order by `detalle_venta`.`IDLIBRO` */;
/*!50001 SET character_set_client      = @saved_cs_client */;
/*!50001 SET character_set_results     = @saved_cs_results */;
/*!50001 SET collation_connection      = @saved_col_connection */;

--
-- Final view structure for view `ventasporfecha`
--

/*!50001 DROP VIEW IF EXISTS `ventasporfecha`*/;
/*!50001 SET @saved_cs_client          = @@character_set_client */;
/*!50001 SET @saved_cs_results         = @@character_set_results */;
/*!50001 SET @saved_col_connection     = @@collation_connection */;
/*!50001 SET character_set_client      = utf8mb4 */;
/*!50001 SET character_set_results     = utf8mb4 */;
/*!50001 SET collation_connection      = utf8mb4_0900_ai_ci */;
/*!50001 CREATE ALGORITHM=UNDEFINED */
/*!50013 DEFINER=`root`@`localhost` SQL SECURITY DEFINER */
/*!50001 VIEW `ventasporfecha` AS select cast(`venta`.`FECHA` as date) AS `Fecha`,count(0) AS `TotalVentas` from `venta` group by cast(`venta`.`FECHA` as date) */;
/*!50001 SET character_set_client      = @saved_cs_client */;
/*!50001 SET character_set_results     = @saved_cs_results */;
/*!50001 SET collation_connection      = @saved_col_connection */;

--
-- Final view structure for view `ventasporlibro`
--

/*!50001 DROP VIEW IF EXISTS `ventasporlibro`*/;
/*!50001 SET @saved_cs_client          = @@character_set_client */;
/*!50001 SET @saved_cs_results         = @@character_set_results */;
/*!50001 SET @saved_col_connection     = @@collation_connection */;
/*!50001 SET character_set_client      = utf8mb4 */;
/*!50001 SET character_set_results     = utf8mb4 */;
/*!50001 SET collation_connection      = utf8mb4_0900_ai_ci */;
/*!50001 CREATE ALGORITHM=UNDEFINED */
/*!50013 DEFINER=`root`@`localhost` SQL SECURITY DEFINER */
/*!50001 VIEW `ventasporlibro` AS select `libro`.`IDLIBRO` AS `IDLIBRO`,`libro`.`DISPONIBLE` AS `DISPONIBLE`,count(`venta`.`IDVENTA`) AS `TotalVentas` from (`libro` left join `venta` on((`libro`.`IDLIBRO` = `venta`.`IDLIBRO`))) group by `libro`.`IDLIBRO` */;
/*!50001 SET character_set_client      = @saved_cs_client */;
/*!50001 SET character_set_results     = @saved_cs_results */;
/*!50001 SET collation_connection      = @saved_col_connection */;

--
-- Final view structure for view `ventasportipo`
--

/*!50001 DROP VIEW IF EXISTS `ventasportipo`*/;
/*!50001 SET @saved_cs_client          = @@character_set_client */;
/*!50001 SET @saved_cs_results         = @@character_set_results */;
/*!50001 SET @saved_col_connection     = @@collation_connection */;
/*!50001 SET character_set_client      = utf8mb4 */;
/*!50001 SET character_set_results     = utf8mb4 */;
/*!50001 SET collation_connection      = utf8mb4_0900_ai_ci */;
/*!50001 CREATE ALGORITHM=UNDEFINED */
/*!50013 DEFINER=`root`@`localhost` SQL SECURITY DEFINER */
/*!50001 VIEW `ventasportipo` AS select `tipoventa`.`IDTIPOVENTA` AS `IDTIPOVENTA`,count(`venta`.`IDVENTA`) AS `TotalVentas` from (`tipoventa` left join `venta` on((`tipoventa`.`IDTIPOVENTA` = `venta`.`IDTIPOVENTA`))) group by `tipoventa`.`IDTIPOVENTA` */;
/*!50001 SET character_set_client      = @saved_cs_client */;
/*!50001 SET character_set_results     = @saved_cs_results */;
/*!50001 SET collation_connection      = @saved_col_connection */;
/*!40103 SET TIME_ZONE=@OLD_TIME_ZONE */;

/*!40101 SET SQL_MODE=@OLD_SQL_MODE */;
/*!40014 SET FOREIGN_KEY_CHECKS=@OLD_FOREIGN_KEY_CHECKS */;
/*!40014 SET UNIQUE_CHECKS=@OLD_UNIQUE_CHECKS */;
/*!40101 SET CHARACTER_SET_CLIENT=@OLD_CHARACTER_SET_CLIENT */;
/*!40101 SET CHARACTER_SET_RESULTS=@OLD_CHARACTER_SET_RESULTS */;
/*!40101 SET COLLATION_CONNECTION=@OLD_COLLATION_CONNECTION */;
/*!40111 SET SQL_NOTES=@OLD_SQL_NOTES */;

-- Dump completed on 2024-05-05 19:13:08
