IDCLIENTE,IDLIBRO,IDEMPLEADO,IDTIPOVENTA,FECHA
28,52,15,2,2018-05-13
69,38,20,1,2020-01-08
25,77,33,2,2021-10-07
27,7,1,1,2022-11-25
94,12,8,1,2019-09-01
49,73,8,2,2023-09-03
94,54,6,1,2023-02-05
10,78,31,2,2022-07-12
81,69,27,1,2022-01-29
71,42,37,1,2019-09-19
25,89,15,1,2023-12-21
41,100,50,1,2022-10-31
25,41,50,2,2019-07-04
2,45,8,2,2019-02-03
51,50,12,1,2018-09-09
90,11,50,2,2018-08-25
62,62,32,2,2019-08-05
65,52,34,2,2022-03-12
67,27,1,2,2021-05-10
14,69,30,2,2024-01-01
14,18,42,1,2019-05-30
31,90,2,2,2021-03-25
38,99,2,2,2019-01-19
42,82,40,1,2021-05-12
46,9,32,2,2018-11-17
65,21,29,1,2020-03-25
86,63,15,2,2022-08-07
30,65,17,2,2020-01-11
12,38,38,1,2018-06-16
86,80,10,1,2018-07-15
100,27,2,1,2022-06-28
89,39,2,2,2019-05-06
48,10,42,2,2023-12-22
11,68,17,1,2018-07-10
31,46,40,2,2023-08-25
64,31,47,1,2019-04-21
78,92,20,2,2021-11-16
36,79,47,2,2021-08-05
15,60,42,2,2018-09-16
86,81,4,2,2018-03-03
91,28,14,2,2018-06-04
12,43,7,2,2019-08-16
52,54,37,1,2023-11-04
39,99,36,2,2020-07-19
79,21,15,2,2023-08-01
56,21,32,2,2024-03-14
18,64,24,2,2021-01-16
52,26,2,1,2018-05-03
24,79,24,2,2023-07-09
93,52,21,1,2023-02-08
68,97,13,2,2021-10-18
73,50,32,2,2018-02-04
27,19,8,1,2023-06-30
72,48,29,1,2021-04-21
3,51,13,2,2018-11-08
72,95,42,1,2021-07-02
71,37,27,2,2023-07-01
29,18,36,1,2020-07-08
61,16,17,1,2022-12-08
31,83,32,1,2018-03-08
67,71,45,1,2023-01-25
34,16,47,2,2018-06-23
74,35,11,2,2019-10-24
38,49,6,2,2022-05-31
41,93,1,2,2020-07-10
37,48,4,2,2018-11-07
84,70,35,2,2022-06-19
43,40,45,1,2019-07-09
70,17,2,1,2023-04-26
52,80,28,1,2019-04-25
95,80,30,2,2020-03-10
22,37,3,1,2019-01-06
97,61,16,1,2020-04-24
69,17,34,1,2018-01-27
9,51,28,1,2020-04-01
79,14,7,1,2023-11-08
9,53,49,1,2022-01-13
33,58,41,2,2021-11-06
80,75,22,1,2023-04-24
27,92,47,1,2023-03-05
51,92,25,1,2019-02-20
60,39,43,1,2019-05-25
32,97,24,1,2021-09-07
83,41,2,1,2021-07-05
63,62,26,2,2022-08-06
36,32,24,1,2019-05-01
35,77,11,1,2023-01-11
5,15,9,2,2018-07-25
26,48,28,2,2018-01-22
98,93,24,1,2020-04-24
57,11,6,1,2018-12-23
27,69,28,1,2023-04-16
4,35,45,2,2021-10-02
5,16,3,1,2023-02-07
53,65,8,2,2021-10-28
92,12,28,2,2018-02-24
51,61,41,2,2021-03-02
34,96,24,2,2018-03-18
31,47,41,1,2023-08-22
27,4,22,2,2018-01-10
71,56,21,2,2023-07-01
83,73,4,2,2020-05-16
44,13,10,2,2019-12-22
18,85,45,1,2018-05-25
79,16,11,2,2019-08-08
70,34,31,1,2019-05-06
57,32,46,1,2020-08-11
78,53,15,2,2019-10-24
50,61,22,1,2018-05-16
83,93,23,2,2023-01-16
8,69,10,2,2020-11-04
61,75,10,1,2019-08-02
32,47,3,2,2019-01-29
63,79,9,2,2023-07-08
39,60,48,2,2022-01-29
2,2,48,2,2021-10-13
92,96,24,1,2023-04-28
28,9,3,2,2022-07-21
1,1,27,2,2023-02-21
37,41,6,2,2018-12-29
17,32,29,1,2022-02-01
45,67,41,1,2022-10-05
31,43,15,2,2022-12-26
16,5,41,1,2020-01-19
78,41,42,2,2019-05-31
80,65,29,2,2021-07-18
41,70,19,1,2023-06-10
86,2,10,1,2020-03-06
36,96,35,1,2020-12-03
44,22,4,2,2022-11-11
16,78,27,2,2023-02-22
68,26,38,1,2023-02-16
91,23,5,2,2018-07-17
16,77,40,1,2023-10-17
26,59,33,1,2019-09-11
1,27,26,2,2018-10-02
48,12,34,1,2020-08-10
53,82,32,1,2021-06-13
16,95,45,2,2023-10-23
13,71,6,1,2020-10-29
33,98,16,2,2019-04-11
55,36,38,2,2021-02-28
49,86,47,2,2023-06-20
75,32,33,1,2023-02-24
67,68,43,2,2022-01-24
100,94,38,1,2019-01-10
55,9,48,2,2021-01-28
45,94,1,1,2019-09-07
59,34,46,2,2018-09-11
33,44,46,1,2020-08-25
80,33,47,1,2021-04-05
76,29,29,2,2020-11-15
60,41,41,1,2018-09-15
47,89,33,2,2018-03-15
75,89,3,2,2022-03-22
32,97,44,1,2019-10-08
45,21,29,1,2023-03-19
42,73,37,1,2021-03-06
79,93,31,2,2024-01-21
18,6,41,1,2022-12-08
50,98,25,2,2024-03-04
24,93,38,2,2021-02-08
37,11,23,1,2018-12-03
100,55,37,2,2021-09-23
82,46,20,1,2021-05-30
88,69,36,2,2018-12-08
2,12,37,2,2019-11-27
84,57,1,2,2018-12-19
25,56,16,2,2020-01-26
13,93,26,2,2021-04-29
53,35,14,2,2023-08-28
66,89,3,2,2020-08-30
31,17,4,1,2023-12-13
86,50,14,2,2019-05-26
4,25,8,1,2018-02-05
87,89,35,1,2023-07-18
78,95,1,1,2021-10-09
34,57,35,1,2018-05-06
51,73,26,1,2020-09-10
8,23,27,1,2018-01-22
40,39,25,1,2018-10-31
86,3,27,2,2018-04-27
51,19,21,2,2021-02-20
43,75,4,1,2022-02-06
21,19,15,2,2020-12-09
47,98,30,1,2022-03-02
15,64,46,2,2023-12-03
7,62,48,2,2023-07-21
47,97,10,1,2021-11-04
93,19,1,1,2020-05-24
71,36,38,1,2020-08-25
16,96,4,2,2021-09-14
30,36,45,1,2023-12-14
73,5,32,2,2021-11-15
25,69,13,1,2018-03-25
72,20,32,1,2020-07-24
87,1,39,1,2021-05-19
70,2,24,1,2022-06-24
47,18,19,2,2022-03-20
48,49,15,1,2022-02-08
98,8,12,2,2023-07-15
50,73,23,1,2021-02-03
27,89,34,2,2023-09-10
60,19,30,1,2021-12-24
57,31,6,1,2022-07-26
5,4,17,2,2018-11-12
97,75,7,2,2022-09-27
99,66,15,2,2019-01-31
69,69,42,2,2020-06-25
43,16,44,2,2021-02-18
57,10,15,2,2020-01-29
62,75,23,2,2018-01-08
48,33,13,2,2022-11-03
75,64,14,2,2021-11-27
15,11,47,1,2022-02-21
76,86,20,2,2021-09-24
35,75,49,2,2018-03-27
22,48,12,2,2023-11-11
6,60,48,2,2020-06-17
14,96,7,2,2018-09-03
19,3,20,2,2023-09-06
13,8,13,2,2019-07-28
56,85,14,1,2024-02-17
29,72,13,2,2020-08-29
48,24,24,1,2019-08-09
57,84,22,1,2018-06-16
87,67,35,1,2019-08-27
81,11,22,2,2020-01-26
33,37,7,1,2023-05-29
6,82,26,2,2021-03-03
70,11,2,2,2020-01-17
80,23,36,2,2018-01-28
71,70,46,1,2018-05-19
30,43,28,2,2021-07-03
64,35,12,1,2022-12-12
42,45,45,1,2022-10-08
31,25,34,1,2023-11-21
77,65,2,2,2020-06-04
20,75,37,1,2022-07-02
62,19,28,1,2023-12-24
40,99,26,2,2022-10-21
84,39,43,1,2021-06-14
1,24,7,1,2021-04-09
7,9,18,2,2022-10-11
8,15,6,2,2020-02-06
77,15,24,1,2021-10-07
75,57,8,2,2022-07-08
13,24,17,2,2022-02-27
84,55,29,2,2023-07-22
84,33,14,1,2022-08-08
2,94,42,2,2023-09-18
17,34,26,2,2018-10-23
52,17,43,1,2022-03-13
29,28,13,1,2021-06-05
98,57,8,2,2023-10-20
64,80,42,2,2023-12-01
42,69,5,2,2021-05-24
38,20,1,1,2022-08-08
100,69,40,2,2023-02-12
84,63,49,2,2022-08-24
19,11,18,1,2019-05-06
52,7,25,1,2023-03-05
75,8,35,2,2019-01-15
10,30,12,2,2022-12-10
18,96,14,1,2022-06-06
65,40,41,2,2018-12-05
78,96,12,2,2019-12-13
88,23,49,2,2019-05-24
26,44,44,2,2018-06-07
3,15,28,2,2023-07-10
59,6,31,2,2020-07-24
22,51,1,2,2020-02-15
67,36,23,1,2022-03-28
15,84,40,1,2020-02-19
28,30,4,1,2018-06-09
74,32,17,2,2021-05-10
91,11,37,1,2022-03-05
40,73,33,2,2023-04-19
76,94,9,2,2022-01-20
46,93,18,2,2019-09-25
99,50,15,1,2018-07-30
77,47,49,2,2019-12-24
74,42,19,2,2020-08-08
51,61,31,2,2023-12-06
69,99,34,2,2019-04-02
93,80,16,2,2022-01-28
97,21,14,2,2021-03-13
39,69,42,2,2022-01-18
99,6,38,1,2023-10-14
49,33,27,2,2020-01-13
2,64,11,1,2020-09-25
74,68,47,2,2022-09-14
80,99,33,2,2019-10-16
18,86,32,1,2019-06-24
71,64,31,2,2018-07-19
32,30,33,1,2019-07-09
97,37,3,1,2018-05-05
3,81,1,2,2020-11-10
32,24,6,1,2023-11-05
34,6,3,2,2020-07-23
76,25,25,1,2024-03-25
53,7,32,2,2018-12-23
50,35,19,1,2021-10-02
86,89,30,1,2022-07-28
28,13,36,1,2019-05-12
45,71,48,1,2019-05-07
72,58,43,1,2023-03-03
98,50,19,1,2023-02-16
72,20,14,1,2021-02-20
40,59,39,2,2021-06-11
11,45,20,2,2020-11-28
17,64,22,2,2021-11-01
31,6,49,2,2023-04-30
26,81,19,2,2019-04-12
28,67,2,1,2023-11-03
44,41,16,1,2023-02-16
3,28,45,2,2018-05-30
16,6,38,2,2019-05-28
52,82,50,2,2021-05-16
86,54,45,1,2024-01-25
100,13,23,1,2021-09-18
36,79,38,2,2024-03-05
33,9,12,1,2019-10-04
62,88,5,1,2019-09-17
85,44,32,1,2019-01-04
32,86,27,1,2018-06-17
11,66,36,2,2022-10-05
16,44,9,1,2020-05-07
7,64,40,1,2018-12-12
17,40,10,1,2019-10-08
54,22,26,2,2021-04-26
8,18,6,2,2018-07-01
30,95,38,2,2018-02-06
81,81,35,2,2019-01-13
49,41,36,1,2018-08-21
57,57,28,1,2023-02-05
47,84,33,1,2022-04-30
81,54,20,1,2019-07-28
42,8,47,2,2020-09-28
46,7,3,2,2023-02-08
6,50,32,2,2019-10-07
94,12,47,2,2019-11-21
77,57,32,2,2024-02-20
36,38,32,1,2022-09-08
77,73,25,2,2023-02-08
28,66,23,1,2023-04-11
9,71,24,1,2020-11-26
31,23,10,2,2024-01-05
96,49,3,1,2021-10-26
89,67,35,1,2022-10-11
74,40,24,1,2021-09-10
10,64,49,2,2020-12-18
31,12,32,1,2019-05-09
49,8,19,2,2019-01-13
22,83,7,1,2024-02-07
96,84,19,2,2022-03-09
96,27,9,1,2018-05-02
17,71,33,1,2020-02-17
89,3,1,1,2023-09-25
25,49,15,1,2018-06-14
90,96,46,2,2023-04-08
22,57,47,1,2021-09-21
50,36,8,2,2022-05-12
94,23,47,2,2020-08-17
52,74,50,2,2021-02-01
93,47,17,2,2018-07-02
34,31,3,2,2019-05-23
41,45,20,1,2018-12-11
79,55,42,2,2024-03-07
82,98,29,2,2022-02-19
49,59,17,2,2022-12-04
62,18,32,2,2019-12-08
60,94,40,1,2021-07-13
76,62,15,2,2019-09-23
19,15,44,1,2020-12-04
89,76,14,2,2023-12-13
54,96,41,1,2021-09-05
65,41,48,1,2024-01-23
81,74,26,2,2022-07-24
32,9,23,2,2018-08-28
86,61,36,1,2021-05-03
69,64,49,1,2024-02-19
8,77,41,1,2020-11-09
42,5,34,2,2023-10-05
28,18,12,2,2022-03-08
25,5,22,1,2018-09-09
7,84,23,2,2021-10-18
59,95,31,2,2020-02-08
63,68,15,1,2022-01-03
77,63,42,1,2022-11-23
57,9,6,2,2021-09-26
61,86,17,1,2021-07-16
2,9,44,2,2018-12-10
40,23,48,1,2022-06-13
35,83,4,1,2019-04-05
79,18,30,1,2023-05-28
8,86,22,1,2020-07-07
49,5,47,1,2022-12-20
22,41,48,2,2023-12-27
18,42,33,2,2021-06-23
44,92,13,2,2019-12-04
61,9,2,2,2021-06-12
89,78,21,2,2022-03-04
100,67,15,2,2019-08-04
53,72,33,1,2021-11-04
51,14,21,1,2020-03-07
9,50,41,2,2019-10-18
37,29,7,2,2018-06-27
37,55,28,2,2023-02-12
17,50,36,1,2021-06-01
54,63,33,1,2018-05-14
4,10,12,1,2023-08-18
100,35,36,1,2023-11-05
48,70,43,1,2019-11-22
93,57,34,2,2019-02-13
59,22,39,1,2018-07-08
93,78,49,2,2020-06-02
97,17,38,1,2019-07-20
38,71,43,2,2018-01-17
99,26,4,2,2021-05-28
90,25,45,1,2022-09-27
56,19,50,2,2022-01-15
5,76,1,2,2020-12-23
67,7,4,2,2021-08-24
75,39,43,2,2020-12-03
4,4,12,1,2023-10-29
38,48,34,1,2019-02-20
78,68,1,2,2020-11-02
79,97,15,2,2020-08-09
90,83,44,2,2019-03-09
79,49,34,1,2021-12-12
90,82,46,1,2020-07-21
38,27,33,2,2023-08-25
40,64,11,2,2018-11-27
10,93,2,2,2022-12-11
19,66,40,1,2020-05-26
99,18,5,1,2021-03-06
47,8,41,1,2020-05-04
24,75,33,1,2023-05-11
55,41,27,2,2021-12-29
2,52,49,1,2018-09-19
3,24,13,1,2021-08-24
74,59,5,2,2021-07-31
15,86,10,2,2022-12-17
87,74,31,2,2018-07-06
56,78,49,1,2020-04-09
37,98,1,2,2021-04-29
92,12,21,1,2023-09-02
76,39,16,1,2020-09-26
93,18,45,2,2019-05-06
99,1,32,1,2018-04-26
85,44,24,2,2022-01-11
36,40,20,1,2024-03-15
98,28,38,2,2020-05-07
97,91,48,1,2020-08-13
34,88,44,2,2020-10-14
59,73,25,1,2023-04-23
47,25,3,1,2020-02-20
41,21,15,1,2021-09-28
18,58,13,1,2018-05-28
56,41,7,2,2023-08-01
42,86,8,1,2022-02-26
35,48,49,1,2022-01-29
32,60,49,1,2020-04-23
44,84,3,2,2022-12-26
4,1,38,1,2018-02-01
97,50,48,2,2021-07-05
9,88,8,2,2023-05-17
63,55,42,1,2024-01-22
59,29,28,2,2020-05-06
86,4,44,2,2021-02-23
94,38,21,2,2022-10-05
17,2,35,2,2023-07-26
16,55,16,2,2020-11-02
76,100,50,2,2021-02-09
14,12,28,1,2019-01-10
56,72,30,1,2022-10-18
47,59,40,1,2018-09-13
65,89,1,1,2022-05-16
69,76,13,1,2019-09-04
23,88,44,2,2020-03-05
2,57,6,2,2020-11-25
44,97,20,2,2020-04-25
92,46,20,2,2020-02-09
35,94,3,2,2021-03-13
100,94,1,1,2018-11-09
86,80,33,1,2021-04-26
3,44,45,1,2022-04-25
25,60,16,2,2023-05-21
55,65,45,2,2019-01-17
69,50,33,1,2022-07-03
51,70,22,2,2020-06-18
64,79,19,2,2018-08-11
52,53,6,2,2022-07-25
49,34,25,1,2021-12-28
21,13,10,2,2022-06-20
44,99,37,2,2020-03-24
37,95,5,2,2018-12-21
28,28,36,1,2023-06-10
41,25,30,2,2018-04-22
90,91,40,1,2019-02-06
70,29,13,2,2020-05-21
87,19,22,1,2021-04-15
50,33,33,1,2023-02-13
92,82,20,2,2018-01-28
2,81,20,1,2022-03-27
77,90,10,1,2022-01-11
86,96,20,2,2019-11-22
92,90,36,2,2024-02-03
62,14,35,1,2023-11-10
80,14,11,2,2023-10-11
72,66,44,1,2020-08-13
59,53,21,2,2021-06-30
27,32,10,2,2019-10-15
50,13,22,2,2023-06-01
95,83,13,1,2019-04-06
93,66,2,1,2018-01-22
42,43,33,2,2020-03-20
54,71,7,1,2020-03-13
19,87,41,2,2023-06-09
46,35,46,1,2024-01-18
24,89,15,1,2020-03-28
64,69,9,2,2023-12-07
62,3,3,1,2023-03-29
97,70,26,1,2018-02-05
54,73,5,2,2024-01-04
78,78,7,1,2022-02-04
84,19,5,1,2019-06-04
37,61,48,2,2021-04-02
39,35,28,2,2024-03-16
32,65,37,2,2019-10-19
1,9,9,1,2019-10-30
21,90,41,2,2018-06-19
94,53,28,1,2021-06-13
58,52,3,2,2019-07-06
86,28,28,1,2022-10-19
99,60,30,2,2018-02-24
48,95,31,1,2020-03-04
93,7,3,2,2022-07-20
60,93,10,2,2019-07-09
81,26,1,1,2018-08-30
33,90,24,1,2021-02-26
90,90,11,1,2023-02-08
31,33,21,2,2022-01-12
10,41,19,2,2020-01-04
72,22,27,2,2019-11-09
55,35,23,2,2022-12-07
3,20,50,2,2022-08-18
41,85,35,2,2022-09-01
43,87,28,1,2018-11-29
3,42,10,2,2020-02-08
27,100,47,1,2021-10-16
76,77,38,2,2018-08-12
96,2,42,2,2019-10-08
35,44,25,2,2019-04-09
80,73,18,1,2018-11-30
21,28,29,2,2018-01-25
43,20,32,1,2018-10-14
85,72,45,2,2020-10-15
39,86,36,2,2020-12-06
39,15,40,1,2022-03-24
58,31,5,2,2020-03-21
22,6,39,2,2018-04-11
22,85,50,2,2022-07-05
62,54,33,1,2018-01-06
57,97,2,1,2021-08-29
51,90,30,2,2020-02-24
14,3,16,2,2018-06-12
33,74,39,1,2024-01-02
75,12,43,2,2019-05-21
93,62,37,1,2020-05-19
52,19,43,2,2020-09-16
34,89,38,1,2018-12-23
41,58,18,1,2022-06-08
42,60,49,1,2020-05-10
37,40,27,1,2023-11-14
68,32,44,2,2022-01-17
69,5,36,1,2021-02-25
8,71,22,2,2024-03-03
19,68,4,2,2023-01-11
99,94,39,2,2021-07-11
44,14,49,2,2022-08-01
57,61,33,1,2023-03-24
88,51,33,2,2020-08-10
43,8,23,1,2023-09-21
26,84,10,2,2019-06-12
73,61,36,1,2021-07-20
62,4,18,2,2023-03-03
10,43,46,1,2019-06-03
95,37,8,1,2021-04-28
52,2,1,1,2018-07-14
45,38,30,2,2019-01-26
14,25,11,2,2023-12-31
50,2,20,1,2020-07-01
28,82,22,2,2023-03-31
10,57,30,2,2022-11-23
49,89,3,1,2018-11-09
13,63,49,1,2021-09-02
23,24,19,1,2020-01-01
82,34,50,1,2019-04-09
56,57,37,1,2018-05-22
94,27,4,2,2019-07-21
1,48,38,1,2020-12-24
38,92,32,2,2023-01-05
15,46,23,2,2020-09-15
70,50,6,2,2023-03-29
10,86,33,1,2018-06-22
7,3,36,2,2019-05-06
5,59,36,2,2020-01-24
13,79,23,1,2019-08-13
15,14,26,2,2019-09-11
28,62,29,1,2019-01-24
81,86,14,1,2018-02-22
23,71,50,1,2020-08-12
96,73,4,1,2019-12-10
33,38,27,1,2022-02-27
42,23,10,1,2019-03-22
5,19,33,1,2021-02-05
39,49,5,1,2024-01-23
23,69,12,1,2022-02-28
66,45,34,2,2022-06-03
95,88,6,2,2022-03-07
44,64,33,1,2018-11-12
99,73,30,1,2023-02-08
12,64,8,2,2021-02-06
60,66,45,2,2019-04-03
86,29,35,2,2019-09-30
52,23,11,1,2022-07-15
31,59,48,2,2019-05-30
66,9,3,2,2019-11-21
22,78,39,1,2021-06-12
49,52,28,1,2022-07-29
89,84,18,1,2023-09-02
12,37,26,1,2020-03-17
48,81,5,2,2023-08-10
1,36,46,2,2019-11-10
67,3,11,1,2021-04-22
43,22,10,2,2020-01-14
31,37,49,1,2022-12-21
48,49,34,1,2022-03-11
47,22,17,2,2023-03-23
45,95,12,2,2020-03-03
47,27,40,2,2024-01-03
8,68,33,1,2018-12-06
21,85,45,2,2019-12-13
39,66,50,2,2020-12-24
68,49,9,2,2021-12-27
89,4,25,1,2023-09-20
62,69,40,2,2020-11-28
44,8,15,2,2020-05-20
83,53,27,2,2022-03-25
56,43,45,2,2021-04-09
77,80,44,1,2021-03-05
79,39,12,1,2019-07-05
93,64,31,1,2019-08-29
77,61,43,2,2020-12-31
39,57,4,1,2023-11-18
46,99,43,1,2021-05-16
24,66,19,1,2018-06-13
51,57,25,1,2019-09-13
43,29,40,1,2023-04-06
45,54,47,2,2020-07-28
5,45,17,1,2023-04-13
49,70,47,1,2023-07-04
61,51,28,1,2020-11-03
73,13,7,1,2021-12-15
78,69,31,2,2018-09-18
10,47,13,1,2023-04-16
17,35,14,2,2018-08-31
62,20,33,2,2022-05-21
82,1,47,1,2021-06-08
9,78,28,2,2023-05-31
2,90,35,1,2021-01-07
57,73,30,2,2022-12-26
69,31,40,2,2018-11-13
4,61,3,2,2023-06-06
74,64,3,1,2021-02-03
63,5,3,2,2020-11-18
56,59,29,2,2023-06-13
75,1,32,2,2020-02-03
59,9,11,2,2023-05-05
28,34,17,2,2024-02-26
90,12,10,2,2022-02-12
1,39,27,1,2022-09-20
57,48,31,2,2019-10-04
33,14,44,2,2019-06-29
94,98,46,2,2022-10-21
91,9,26,2,2018-04-06
54,74,40,1,2019-01-10
48,99,50,1,2022-09-23
66,28,12,1,2018-06-27
66,45,43,2,2023-04-08
2,7,26,1,2021-10-13
97,82,26,1,2020-06-25
100,4,11,1,2020-03-11
78,26,48,2,2020-05-19
43,71,3,2,2021-11-28
83,47,10,2,2021-10-28
40,52,45,1,2023-05-27
91,32,13,1,2018-01-18
46,71,33,2,2023-07-08
76,13,19,1,2022-07-15
8,32,15,2,2020-06-02
45,13,33,1,2022-10-23
73,98,17,1,2023-08-24
70,17,40,2,2021-07-23
38,46,28,1,2018-12-08
11,72,28,2,2023-10-22
65,16,27,2,2023-01-09
46,99,47,1,2021-09-08
39,25,10,2,2020-06-01
91,7,15,2,2018-12-08
19,98,24,2,2021-12-10
90,72,22,2,2020-03-09
43,100,46,1,2018-07-23
20,61,49,2,2018-10-10
87,64,35,2,2022-05-23
73,56,3,1,2019-05-31
95,8,11,1,2019-07-03
62,77,6,1,2021-11-05
45,56,4,2,2023-09-26
93,36,44,1,2021-12-17
44,58,10,1,2020-02-07
99,92,50,2,2021-01-28
93,1,33,2,2020-06-08
11,90,26,2,2020-05-03
60,89,30,1,2021-01-30
38,38,30,2,2023-03-01
48,48,6,1,2018-09-22
44,54,15,1,2019-12-18
97,10,42,1,2018-04-13
55,5,38,1,2022-11-24
10,50,10,2,2023-12-20
88,88,36,2,2023-07-02
81,77,5,1,2019-05-22
81,28,11,2,2019-03-20
74,21,21,1,2018-03-02
96,95,36,1,2023-01-13
6,60,33,2,2020-09-27
48,31,49,2,2022-05-10
43,32,28,1,2022-08-27
23,57,2,2,2021-07-22
5,54,35,2,2018-01-18
42,68,28,1,2019-09-26
32,59,35,2,2020-11-21
50,20,1,2,2018-03-21
80,94,15,2,2024-03-30
84,47,32,2,2023-01-12
82,54,34,2,2018-11-09
52,50,47,2,2022-04-20
63,70,4,1,2018-03-04
69,99,17,1,2019-06-18
46,35,8,1,2020-12-17
14,76,11,1,2022-08-16
20,10,34,2,2019-12-18
19,74,1,1,2023-12-04
60,37,12,1,2019-10-07
9,39,9,2,2024-03-08
100,69,38,2,2021-02-19
82,39,7,2,2019-12-02
84,67,5,2,2023-07-05
36,49,23,2,2018-03-20
95,42,8,1,2020-12-26
14,67,49,1,2018-05-18
38,92,42,1,2024-02-18
90,78,42,1,2019-05-29
95,38,47,1,2022-07-04
49,64,14,1,2024-03-23
94,91,19,1,2021-01-15
30,42,20,2,2022-10-06
98,36,44,1,2023-11-25
69,78,12,2,2020-09-30
43,98,43,1,2022-05-13
30,26,28,1,2020-08-24
59,70,9,1,2018-02-10
72,62,26,1,2019-07-26
10,39,6,2,2022-09-27
51,38,38,2,2018-12-24
11,50,26,2,2019-01-04
71,35,50,2,2018-11-12
3,13,38,1,2018-06-08
99,39,42,1,2020-12-23
15,80,20,1,2023-09-23
64,31,4,2,2018-04-24
25,54,20,1,2023-03-07
59,73,49,2,2018-01-23
10,21,9,1,2019-02-01
5,26,45,1,2020-12-12
46,74,46,1,2023-12-14
10,23,47,2,2023-12-19
78,63,30,2,2022-09-16
12,8,23,1,2018-01-18
71,54,3,1,2024-02-14
57,52,16,1,2019-11-17
12,37,5,2,2021-08-18
40,67,40,1,2023-09-16
8,30,48,1,2020-03-18
68,64,44,2,2018-09-20
21,12,28,2,2022-09-12
55,44,6,1,2024-02-14
99,52,48,2,2019-04-06
72,68,18,2,2020-04-28
69,56,4,2,2023-01-23
63,68,14,1,2020-02-24
26,88,35,1,2021-12-02
49,89,12,1,2021-11-12
20,59,24,1,2023-11-17
6,82,37,1,2022-01-20
33,16,6,1,2018-03-23
33,38,11,1,2022-08-08
87,97,45,1,2018-12-27
31,21,12,1,2023-01-24
26,63,10,2,2023-02-13
62,42,46,1,2020-06-28
69,35,33,1,2019-09-26
44,86,25,1,2020-10-28
9,34,21,1,2021-07-14
58,16,44,2,2021-12-13
38,70,40,1,2019-04-05
9,36,41,2,2019-10-14
14,89,36,1,2019-07-09
32,28,29,2,2020-05-25
9,8,18,1,2019-06-30
41,76,50,2,2023-01-25
91,34,35,1,2018-01-08
96,26,9,1,2021-09-04
90,58,38,1,2022-01-16
13,22,31,1,2023-08-27
56,26,18,2,2023-05-26
27,35,10,2,2023-04-02
87,58,3,2,2021-07-11
39,50,34,1,2018-06-15
34,90,10,2,2023-11-29
42,22,32,2,2019-07-01
69,42,49,2,2019-03-09
49,47,47,1,2018-08-13
59,6,1,2,2023-04-07
6,90,9,2,2019-02-07
29,58,12,2,2023-09-24
86,14,35,2,2024-02-10
12,18,33,2,2022-03-27
47,46,20,1,2021-12-02
24,34,36,2,2021-08-01
17,80,15,1,2021-07-02
76,19,9,1,2022-08-18
24,49,38,2,2019-01-10
64,42,16,1,2023-05-24
66,100,31,1,2019-12-17
57,67,24,2,2021-12-14
87,98,19,2,2021-11-13
76,17,7,1,2018-05-17
96,8,30,1,2024-03-03
7,45,38,2,2019-01-04
74,40,3,2,2022-04-02
89,63,33,1,2021-01-23
86,30,3,1,2018-03-20
74,76,19,2,2023-03-16
56,16,50,1,2022-09-01
55,11,37,2,2019-10-02
1,64,1,2,2022-06-19
54,1,38,2,2020-04-06
70,70,5,2,2022-10-14
2,53,27,1,2018-04-26
68,24,11,2,2024-01-27
61,60,14,1,2018-11-14
47,76,1,2,2021-07-22
13,48,19,2,2024-01-18
87,60,46,2,2021-10-27
74,2,18,2,2018-05-11
55,59,27,1,2022-09-19
74,22,25,1,2019-02-06
5,35,14,2,2022-02-18
27,54,40,1,2019-05-18
62,84,20,1,2020-06-11
1,62,7,1,2018-09-14
91,4,2,2,2023-12-17
78,44,14,1,2022-05-11
83,88,15,2,2018-05-18
72,2,15,2,2022-01-08
44,74,28,1,2020-01-14
89,93,15,1,2021-04-01
87,26,39,1,2023-07-08
4,23,45,2,2019-10-03
41,64,19,1,2022-06-26
54,13,20,1,2022-02-02
27,76,23,2,2021-05-14
28,52,3,2,2021-02-14
28,6,42,1,2022-08-29
77,7,19,1,2022-08-09
32,39,8,2,2022-03-31
8,79,50,2,2020-12-24
74,16,23,1,2021-11-26
3,87,24,1,2023-06-10
35,70,30,1,2020-05-29
85,51,26,2,2019-03-28
48,10,11,2,2023-03-30
94,88,27,1,2018-11-05
21,14,33,1,2023-11-15
99,33,22,2,2021-01-01
31,49,23,1,2018-11-30
71,29,9,2,2023-12-03
25,56,25,1,2022-10-31
61,4,20,2,2021-04-06
87,7,48,2,2020-12-13
41,42,28,2,2020-11-13
25,100,44,1,2020-07-01
71,59,27,1,2021-11-21
23,12,18,2,2022-07-29
68,56,46,1,2018-04-23
39,81,33,2,2024-03-02
68,23,35,2,2018-01-27
19,62,23,2,2018-05-17
61,1,35,2,2018-01-27
20,12,27,1,2022-11-30
45,41,4,2,2022-06-15
40,13,41,1,2020-12-29
29,89,43,1,2019-03-21
11,67,3,1,2020-05-08
46,87,26,1,2018-05-13
61,71,49,1,2019-06-14
44,26,6,2,2019-04-16
57,23,35,2,2019-08-12
26,13,31,2,2021-01-07
61,85,34,2,2020-08-21
5,46,35,1,2023-04-01
79,98,21,1,2022-04-29
40,23,28,2,2023-12-26
13,91,40,1,2022-07-29
46,68,16,2,2020-03-29
22,59,31,1,2022-10-30
96,36,19,2,2019-01-12
85,46,31,2,2023-09-14
53,55,37,1,2021-10-31
47,72,13,2,2022-06-11
28,47,41,1,2019-12-05
58,48,22,2,2021-06-30
62,17,40,2,2023-01-22
72,9,46,1,2023-05-20
13,31,45,1,2018-06-22
76,59,27,2,2022-05-14
91,86,25,1,2018-04-11
23,42,50,2,2023-03-01
70,14,43,2,2020-02-08
41,10,33,2,2021-02-04
53,54,45,1,2019-12-02
15,60,17,1,2020-01-03
12,61,31,2,2021-11-05
79,75,24,2,2023-11-20
62,13,25,2,2018-05-27
50,57,14,1,2023-03-14
52,62,34,1,2023-03-17
83,39,21,2,2022-11-11
22,27,5,1,2018-08-13
93,16,49,1,2018-08-07
36,90,28,2,2022-01-30
94,23,25,1,2020-05-25
6,45,29,2,2020-03-30
79,11,10,2,2019-04-21
67,28,11,2,2024-01-21
30,65,27,1,2018-02-20
92,30,38,2,2023-10-18
33,36,3,1,2023-10-08
97,18,11,1,2019-12-25
95,29,3,2,2023-09-29
26,11,33,1,2019-11-15
13,21,46,1,2018-07-27
21,52,27,2,2023-05-20
49,47,9,1,2021-11-21
71,49,37,1,2023-03-06
94,23,14,1,2021-07-31
37,29,12,1,2018-12-07
71,16,50,1,2023-06-18
6,59,35,1,2022-01-19
78,85,10,1,2023-02-05
41,17,36,2,2019-12-24
5,72,21,2,2019-04-10
84,81,23,1,2022-11-08
84,97,5,1,2019-06-17
83,18,42,1,2018-01-20
30,73,7,2,2023-04-02
66,2,48,1,2020-08-22
2,43,28,1,2021-12-08
80,73,26,2,2020-06-03
32,98,13,1,2019-02-21
58,100,23,2,2020-02-16
36,73,13,2,2020-11-13
11,84,15,1,2021-07-24
97,1,39,2,2018-12-22
97,94,1,1,2019-04-12
52,65,19,1,2022-12-29
23,10,6,2,2018-07-16
1,41,21,2,2021-10-17
27,24,35,2,2023-02-26
44,15,8,1,2019-08-28
88,38,43,2,2023-05-19
54,87,16,2,2019-08-12
25,41,47,2,2022-06-25
93,70,5,2,2023-01-14
2,18,35,2,2020-01-24
35,68,34,1,2018-10-14
